{"categories": [{"id": 1, "supercategory": "", "name": "vehicle"}, {"id": 2, "supercategory": "", "name": "person"}, {"id": 3, "supercategory": "", "name": "non-vehicle"}], "annotations": [{"category_id": 2, "segmentation": null, "bbox": [1008, 199, 185, 458], "iscrowd": 0, "area": 84730, "id": 0, "image_id": 0, "attributes": {}, "is_occluded": false}, {"category_id": 2, "segmentation": null, "bbox": [1226, 150, 170, 601], "iscrowd": 0, "area": 102170, "id": 1, "image_id": 0, "attributes": {}, "is_occluded": false}, {"category_id": 2, "segmentation": null, "bbox": [994, 197, 166, 465], "iscrowd": 0, "area": 77190, "id": 2, "image_id": 1, "attributes": {}, "is_occluded": false}, {"category_id": 2, "segmentation": null, "bbox": [1064, 147, 270, 594], "iscrowd": 0, "area": 160380, "id": 3, "image_id": 1, "attributes": {}, "is_occluded": false}, {"category_id": 2, "segmentation": null, "bbox": [226, 151, 74, 203], "iscrowd": 0, "area": 15022, "id": 4, "image_id": 1, "attributes": {}, "is_occluded": true}, {"category_id": 2, "segmentation": null, "bbox": [1080, 202, 207, 483], "iscrowd": 0, "area": 99981, "id": 5, "image_id": 2, "attributes": {}, "is_occluded": true}, {"category_id": 2, "segmentation": null, "bbox": [967, 147, 238, 586], "iscrowd": 0, "area": 139468, "id": 6, "image_id": 2, "attributes": {}, "is_occluded": false}, {"category_id": 2, "segmentation": null, "bbox": [178, 153, 85, 220], "iscrowd": 0, "area": 18700, "id": 7, "image_id": 2, "attributes": {}, "is_occluded": false}, {"category_id": 2, "segmentation": null, "bbox": [1212, 200, 184, 502], "iscrowd": 0, "area": 92368, "id": 8, "image_id": 3, "attributes": {}, "is_occluded": false}, {"category_id": 2, "segmentation": null, "bbox": [868, 139, 226, 600], "iscrowd": 0, "area": 135600, "id": 9, "image_id": 3, "attributes": {}, "is_occluded": false}, {"category_id": 2, "segmentation": null, "bbox": [143, 154, 89, 237], "iscrowd": 0, "area": 21093, "id": 10, "image_id": 3, "attributes": {}, "is_occluded": false}, {"category_id": 2, "segmentation": null, "bbox": [1553, 181, 60, 158], "iscrowd": 0, "area": 9480, "id": 11, "image_id": 3, "attributes": {}, "is_occluded": false}, {"category_id": 2, "segmentation": null, "bbox": [1147, 206, 186, 504], "iscrowd": 0, "area": 93744, "id": 12, "image_id": 4, "attributes": {}, "is_occluded": false}, {"category_id": 2, "segmentation": null, "bbox": [877, 139, 201, 596], "iscrowd": 0, "area": 119796, "id": 13, "image_id": 4, "attributes": {}, "is_occluded": false}, {"category_id": 2, "segmentation": null, "bbox": [117, 151, 93, 257], "iscrowd": 0, "area": 23901, "id": 14, "image_id": 4, "attributes": {}, "is_occluded": false}, {"category_id": 2, "segmentation": null, "bbox": [1477, 182, 65, 166], "iscrowd": 0, "area": 10790, "id": 15, "image_id": 4, "attributes": {}, "is_occluded": false}, {"category_id": 2, "segmentation": null, "bbox": [1084, 200, 208, 515], "iscrowd": 0, "area": 107120, "id": 16, "image_id": 5, "attributes": {}, "is_occluded": false}, {"category_id": 2, "segmentation": null, "bbox": [862, 139, 219, 600], "iscrowd": 0, "area": 131400, "id": 17, "image_id": 5, "attributes": {}, "is_occluded": false}, {"category_id": 2, "segmentation": null, "bbox": [528, 168, 74, 175], "iscrowd": 0, "area": 12950, "id": 18, "image_id": 5, "attributes": {}, "is_occluded": false}, {"category_id": 2, "segmentation": null, "bbox": [99, 153, 102, 275], "iscrowd": 0, "area": 28050, "id": 19, "image_id": 5, "attributes": {}, "is_occluded": false}, {"category_id": 2, "segmentation": null, "bbox": [1432, 179, 72, 181], "iscrowd": 0, "area": 13032, "id": 20, "image_id": 5, "attributes": {}, "is_occluded": false}, {"category_id": 2, "segmentation": null, "bbox": [1083, 199, 208, 515], "iscrowd": 0, "area": 107120, "id": 21, "image_id": 6, "attributes": {}, "is_occluded": false}, {"category_id": 2, "segmentation": null, "bbox": [863, 140, 226, 598], "iscrowd": 0, "area": 135148, "id": 22, "image_id": 6, "attributes": {}, "is_occluded": false}, {"category_id": 2, "segmentation": null, "bbox": [602, 163, 91, 191], "iscrowd": 0, "area": 17381, "id": 23, "image_id": 6, "attributes": {}, "is_occluded": false}, {"category_id": 2, "segmentation": null, "bbox": [86, 156, 112, 296], "iscrowd": 0, "area": 33152, "id": 24, "image_id": 6, "attributes": {}, "is_occluded": false}, {"category_id": 2, "segmentation": null, "bbox": [1413, 182, 76, 193], "iscrowd": 0, "area": 14668, "id": 25, "image_id": 6, "attributes": {}, "is_occluded": false}, {"category_id": 2, "segmentation": null, "bbox": [1084, 199, 201, 515], "iscrowd": 0, "area": 103515, "id": 26, "image_id": 7, "attributes": {}, "is_occluded": false}, {"category_id": 2, "segmentation": null, "bbox": [845, 141, 241, 593], "iscrowd": 0, "area": 142913, "id": 27, "image_id": 7, "attributes": {}, "is_occluded": false}, {"category_id": 2, "segmentation": null, "bbox": [676, 167, 97, 205], "iscrowd": 0, "area": 19885, "id": 28, "image_id": 7, "attributes": {}, "is_occluded": false}, {"category_id": 2, "segmentation": null, "bbox": [65, 153, 126, 326], "iscrowd": 0, "area": 41076, "id": 29, "image_id": 7, "attributes": {}, "is_occluded": false}, {"category_id": 2, "segmentation": null, "bbox": [1410, 188, 71, 211], "iscrowd": 0, "area": 14981, "id": 30, "image_id": 7, "attributes": {}, "is_occluded": false}, {"category_id": 2, "segmentation": null, "bbox": [1052, 202, 202, 513], "iscrowd": 0, "area": 103626, "id": 31, "image_id": 8, "attributes": {}, "is_occluded": false}, {"category_id": 2, "segmentation": null, "bbox": [838, 142, 238, 599], "iscrowd": 0, "area": 142562, "id": 32, "image_id": 8, "attributes": {}, "is_occluded": false}, {"category_id": 2, "segmentation": null, "bbox": [716, 170, 105, 228], "iscrowd": 0, "area": 23940, "id": 33, "image_id": 8, "attributes": {}, "is_occluded": false}, {"category_id": 2, "segmentation": null, "bbox": [63, 149, 134, 354], "iscrowd": 0, "area": 47436, "id": 34, "image_id": 8, "attributes": {}, "is_occluded": false}, {"category_id": 2, "segmentation": null, "bbox": [1404, 187, 79, 233], "iscrowd": 0, "area": 18407, "id": 35, "image_id": 8, "attributes": {}, "is_occluded": false}, {"category_id": 2, "segmentation": null, "bbox": [1022, 196, 192, 497], "iscrowd": 0, "area": 95424, "id": 36, "image_id": 9, "attributes": {}, "is_occluded": false}, {"category_id": 2, "segmentation": null, "bbox": [792, 142, 247, 576], "iscrowd": 0, "area": 142272, "id": 37, "image_id": 9, "attributes": {}, "is_occluded": false}, {"category_id": 2, "segmentation": null, "bbox": [733, 175, 120, 249], "iscrowd": 0, "area": 29880, "id": 38, "image_id": 9, "attributes": {}, "is_occluded": false}, {"category_id": 2, "segmentation": null, "bbox": [91, 153, 164, 372], "iscrowd": 0, "area": 61008, "id": 39, "image_id": 9, "attributes": {}, "is_occluded": false}, {"category_id": 2, "segmentation": null, "bbox": [1397, 192, 90, 262], "iscrowd": 0, "area": 23580, "id": 40, "image_id": 9, "attributes": {}, "is_occluded": false}], "images": [{"date_captured": null, "flickr_url": null, "width": 1920, "dataset": "IOTG_RSD_Team_datasets", "file_name": "image_000000.jpg", "license": null, "image": "train/image_000000.jpg", "id": 0, "height": 1080, "coco_url": null}, {"date_captured": null, "flickr_url": null, "width": 1920, "dataset": "IOTG_RSD_Team_datasets", "file_name": "image_000001.jpg", "license": null, "image": "train/image_000001.jpg", "id": 1, "height": 1080, "coco_url": null}, {"date_captured": null, "flickr_url": null, "width": 1920, "dataset": "IOTG_RSD_Team_datasets", "file_name": "image_000002.jpg", "license": null, "image": "train/image_000002.jpg", "id": 2, "height": 1080, "coco_url": null}, {"date_captured": null, "flickr_url": null, "width": 1920, "dataset": "IOTG_RSD_Team_datasets", "file_name": "image_000003.jpg", "license": null, "image": "train/image_000003.jpg", "id": 3, "height": 1080, "coco_url": null}, {"date_captured": null, "flickr_url": null, "width": 1920, "dataset": "IOTG_RSD_Team_datasets", "file_name": "image_000004.jpg", "license": null, "image": "train/image_000004.jpg", "id": 4, "height": 1080, "coco_url": null}, {"date_captured": null, "flickr_url": null, "width": 1920, "dataset": "IOTG_RSD_Team_datasets", "file_name": "image_000005.jpg", "license": null, "image": "train/image_000005.jpg", "id": 5, "height": 1080, "coco_url": null}, {"date_captured": null, "flickr_url": null, "width": 1920, "dataset": "IOTG_RSD_Team_datasets", "file_name": "image_000006.jpg", "license": null, "image": "train/image_000006.jpg", "id": 6, "height": 1080, "coco_url": null}, {"date_captured": null, "flickr_url": null, "width": 1920, "dataset": "IOTG_RSD_Team_datasets", "file_name": "image_000007.jpg", "license": null, "image": "train/image_000007.jpg", "id": 7, "height": 1080, "coco_url": null}, {"date_captured": null, "flickr_url": null, "width": 1920, "dataset": "IOTG_RSD_Team_datasets", "file_name": "image_000008.jpg", "license": null, "image": "train/image_000008.jpg", "id": 8, "height": 1080, "coco_url": null}, {"date_captured": null, "flickr_url": null, "width": 1920, "dataset": "IOTG_RSD_Team_datasets", "file_name": "image_000009.jpg", "license": null, "image": "train/image_000009.jpg", "id": 9, "height": 1080, "coco_url": null}]}
