{
  "images": [
    {
      "coco_url": "",
      "id": 0,
      "flickr_url": "",
      "height": 1080,
      "width": 1920,
      "file_name": "train/image_000000.jpg",
      "license": 0,
      "date_captured": 0
    },
    {
      "coco_url": "",
      "id": 1,
      "flickr_url": "",
      "height": 1080,
      "width": 1920,
      "file_name": "train/image_000001.jpg",
      "license": 0,
      "date_captured": 0
    },
    {
      "coco_url": "",
      "id": 2,
      "flickr_url": "",
      "height": 1080,
      "width": 1920,
      "file_name": "train/image_000002.jpg",
      "license": 0,
      "date_captured": 0
    },
    {
      "coco_url": "",
      "id": 3,
      "flickr_url": "",
      "height": 1080,
      "width": 1920,
      "file_name": "train/image_000003.jpg",
      "license": 0,
      "date_captured": 0
    },
    {
      "coco_url": "",
      "id": 4,
      "flickr_url": "",
      "height": 1080,
      "width": 1920,
      "file_name": "train/image_000004.jpg",
      "license": 0,
      "date_captured": 0
    },
    {
      "coco_url": "",
      "id": 5,
      "flickr_url": "",
      "height": 1080,
      "width": 1920,
      "file_name": "train/image_000005.jpg",
      "license": 0,
      "date_captured": 0
    },
    {
      "coco_url": "",
      "id": 6,
      "flickr_url": "",
      "height": 1080,
      "width": 1920,
      "file_name": "train/image_000006.jpg",
      "license": 0,
      "date_captured": 0
    },
    {
      "coco_url": "",
      "id": 7,
      "flickr_url": "",
      "height": 1080,
      "width": 1920,
      "file_name": "train/image_000007.jpg",
      "license": 0,
      "date_captured": 0
    },
    {
      "coco_url": "",
      "id": 8,
      "flickr_url": "",
      "height": 1080,
      "width": 1920,
      "file_name": "train/image_000008.jpg",
      "license": 0,
      "date_captured": 0
    },
    {
      "coco_url": "",
      "id": 9,
      "flickr_url": "",
      "height": 1080,
      "width": 1920,
      "file_name": "train/image_000009.jpg",
      "license": 0,
      "date_captured": 0
    }
  ],
  "licenses": [
    {
      "id": 0,
      "url": "",
      "name": ""
    }
  ],
  "annotations": [
    {
      "segmentation": [
        [
          1102.37109375,
          218.390625,
          1140.925552368164,
          218.390625,
          1140.925552368164,
          264.17404556274414,
          1102.37109375,
          264.17404556274414
        ]
      ],
      "id": 1,
      "category_id": 1,
      "iscrowd": 0,
      "area": 1765.1549934843206,
      "image_id": 0,
      "bbox": [
        1102.37109375,
        218.390625,
        38.55445861816406,
        45.78342056274414
      ]
    },
    {
      "segmentation": [
        [
          1321.650390625,
          176.2216796875,
          1365.0241584777832,
          176.2216796875,
          1365.0241584777832,
          222.00510025024414,
          1321.650390625,
          222.00510025024414
        ]
      ],
      "id": 2,
      "category_id": 1,
      "iscrowd": 0,
      "area": 1985.7994549948053,
      "image_id": 0,
      "bbox": [
        1321.650390625,
        176.2216796875,
        43.3737678527832,
        45.78342056274414
      ]
    },
    {
      "segmentation": [
        [
          261.4033203125,
          164.1728515625,
          285.49985694885254,
          164.1728515625,
          285.49985694885254,
          190.67904090881348,
          261.4033203125,
          190.67904090881348
        ]
      ],
      "id": 3,
      "category_id": 1,
      "iscrowd": 0,
      "area": 638.70736267354,
      "image_id": 1,
      "bbox": [
        261.4033203125,
        164.1728515625,
        24.09653663635254,
        26.506189346313477
      ]
    },
    {
      "segmentation": [
        [
          1074.662109375,
          212.3662109375,
          1114.4213943481445,
          212.3662109375,
          1114.4213943481445,
          260.5592842102051,
          1074.662109375,
          260.5592842102051
        ]
      ],
      "id": 4,
      "category_id": 1,
      "iscrowd": 0,
      "area": 1916.1221339811163,
      "image_id": 1,
      "bbox": [
        1074.662109375,
        212.3662109375,
        39.75928497314453,
        48.19307327270508
      ]
    },
    {
      "segmentation": [
        [
          1219.240234375,
          166.5830078125,
          1269.842960357666,
          166.5830078125,
          1269.842960357666,
          220.8002166748047,
          1219.240234375,
          220.8002166748047
        ]
      ],
      "id": 5,
      "category_id": 1,
      "iscrowd": 0,
      "area": 2743.5385636041756,
      "image_id": 1,
      "bbox": [
        1219.240234375,
        166.5830078125,
        50.602725982666016,
        54.21720886230469
      ]
    },
    {
      "segmentation": [
        [
          218.029296875,
          164.1728515625,
          237.30652618408203,
          164.1728515625,
          237.30652618408203,
          190.67904090881348,
          218.029296875,
          190.67904090881348
        ]
      ],
      "id": 6,
      "category_id": 1,
      "iscrowd": 0,
      "area": 510.96589013883204,
      "image_id": 2,
      "bbox": [
        218.029296875,
        164.1728515625,
        19.27722930908203,
        26.506189346313477
      ]
    },
    {
      "segmentation": [
        [
          1112.009765625,
          176.2216796875,
          1160.202838897705,
          176.2216796875,
          1160.202838897705,
          229.23405838012695,
          1112.009765625,
          229.23405838012695
        ]
      ],
      "id": 7,
      "category_id": 1,
      "iscrowd": 0,
      "area": 2554.82945069416,
      "image_id": 2,
      "bbox": [
        1112.009765625,
        176.2216796875,
        48.19307327270508,
        53.01237869262695
      ]
    },
    {
      "segmentation": [
        [
          1207.19140625,
          224.4150390625,
          1237.3120765686035,
          224.4150390625,
          1237.3120765686035,
          266.58398056030273,
          1207.19140625,
          266.58398056030273
        ]
      ],
      "id": 8,
      "category_id": 1,
      "iscrowd": 0,
      "area": 1270.156784539795,
      "image_id": 2,
      "bbox": [
        1207.19140625,
        224.4150390625,
        30.120670318603516,
        42.168941497802734
      ]
    },
    {
      "segmentation": [
        [
          177.1884765625,
          162.4892578125,
          199.8487033843994,
          162.4892578125,
          199.8487033843994,
          190.37876892089844,
          177.1884765625,
          190.37876892089844
        ]
      ],
      "id": 9,
      "category_id": 1,
      "iscrowd": 0,
      "area": 631.9826476681919,
      "image_id": 3,
      "bbox": [
        177.1884765625,
        162.4892578125,
        22.660226821899414,
        27.889511108398438
      ]
    },
    {
      "segmentation": [
        [
          996.076171875,
          168.9287109375,
          1040.4204940795898,
          168.9287109375,
          1040.4204940795898,
          214.9463996887207,
          996.076171875,
          214.9463996887207
        ]
      ],
      "id": 10,
      "category_id": 1,
      "iscrowd": 0,
      "area": 2040.6232170946605,
      "image_id": 3,
      "bbox": [
        996.076171875,
        168.9287109375,
        44.344322204589844,
        46.0176887512207
      ]
    },
    {
      "segmentation": [
        [
          1308.99609375,
          227.4970703125,
          1345.810245513916,
          227.4970703125,
          1345.810245513916,
          270.1680221557617,
          1308.99609375,
          270.1680221557617
        ]
      ],
      "id": 11,
      "category_id": 1,
      "iscrowd": 0,
      "area": 1570.8948970685888,
      "image_id": 3,
      "bbox": [
        1308.99609375,
        227.4970703125,
        36.814151763916016,
        42.67095184326172
      ]
    },
    {
      "segmentation": [
        [
          1574.224609375,
          188.1728515625,
          1592.631685256958,
          188.1728515625,
          1592.631685256958,
          206.579927444458,
          1574.224609375,
          206.579927444458
        ]
      ],
      "id": 12,
      "category_id": 1,
      "iscrowd": 0,
      "area": 338.82044252416017,
      "image_id": 3,
      "bbox": [
        1574.224609375,
        188.1728515625,
        18.407075881958008,
        18.407075881958008
      ]
    },
    {
      "segmentation": [
        [
          149.880859375,
          163.4765625,
          172.88970375061035,
          163.4765625,
          172.88970375061035,
          186.48540687561035,
          149.880859375,
          186.48540687561035
        ]
      ],
      "id": 13,
      "category_id": 1,
      "iscrowd": 0,
      "area": 529.4069195010561,
      "image_id": 4,
      "bbox": [
        149.880859375,
        163.4765625,
        23.00884437561035,
        23.00884437561035
      ]
    },
    {
      "segmentation": [
        [
          1035.373046875,
          180.2109375,
          1061.1708431243896,
          180.2109375,
          1061.1708431243896,
          229.017578125,
          1035.373046875,
          229.017578125
        ]
      ],
      "id": 14,
      "category_id": 1,
      "iscrowd": 0,
      "area": 1259.1037704609334,
      "image_id": 4,
      "bbox": [
        1035.373046875,
        180.2109375,
        25.79779624938965,
        48.806640625
      ]
    },
    {
      "segmentation": [
        [
          1245.2000000000007,
          226.9248046875,
          1282.891212463379,
          226.9248046875,
          1282.891212463379,
          269.45630645751953,
          1245.2000000000007,
          269.45630645751953
        ]
      ],
      "id": 15,
      "category_id": 1,
      "iscrowd": 0,
      "area": 1603.0638696003512,
      "image_id": 4,
      "bbox": [
        1245.2000000000007,
        226.9248046875,
        37.69121246337818,
        42.53150177001953
      ]
    },
    {
      "segmentation": [
        [
          1506.0078125,
          187.8798828125,
          1518.5580911636353,
          187.8798828125,
          1518.5580911636353,
          203.91635131835938,
          1506.0078125,
          203.91635131835938
        ]
      ],
      "id": 16,
      "category_id": 1,
      "iscrowd": 0,
      "area": 201.26214852914563,
      "image_id": 4,
      "bbox": [
        1506.0078125,
        187.8798828125,
        12.550278663635254,
        16.036468505859375
      ]
    },
    {
      "segmentation": [
        [
          136.1015625,
          162.96875,
          162.60775184631348,
          162.96875,
          162.60775184631348,
          193.08942031860352,
          136.1015625,
          193.08942031860352
        ]
      ],
      "id": 17,
      "category_id": 1,
      "iscrowd": 0,
      "area": 798.384190702789,
      "image_id": 5,
      "bbox": [
        136.1015625,
        162.96875,
        26.506189346313477,
        30.120670318603516
      ]
    },
    {
      "segmentation": [
        [
          552.8359375,
          174.458984375,
          570.3206806182861,
          174.458984375,
          570.3206806182861,
          193.62495231628418,
          552.8359375,
          193.62495231628418
        ]
      ],
      "id": 18,
      "category_id": 1,
      "iscrowd": 0,
      "area": 335.1120260666612,
      "image_id": 5,
      "bbox": [
        552.8359375,
        174.458984375,
        17.484743118286133,
        19.16596794128418
      ]
    },
    {
      "segmentation": [
        [
          1036.650390625,
          185.498046875,
          1061.6347427368164,
          185.498046875,
          1061.6347427368164,
          229.65643692016602,
          1036.650390625,
          229.65643692016602
        ]
      ],
      "id": 19,
      "category_id": 1,
      "iscrowd": 0,
      "area": 1103.268765579356,
      "image_id": 5,
      "bbox": [
        1036.650390625,
        185.498046875,
        24.984352111816406,
        44.158390045166016
      ]
    },
    {
      "segmentation": [
        [
          1172.03125,
          226.169921875,
          1209.79829788208,
          226.169921875,
          1209.79829788208,
          270.328311920166,
          1172.03125,
          270.328311920166
        ]
      ],
      "id": 20,
      "category_id": 1,
      "iscrowd": 0,
      "area": 1667.7320312313532,
      "image_id": 5,
      "bbox": [
        1172.03125,
        226.169921875,
        37.76704788208008,
        44.158390045166016
      ]
    },
    {
      "segmentation": [
        [
          1467.1953125,
          189.564453125,
          1483.4641933441162,
          189.564453125,
          1483.4641933441162,
          209.90055465698242,
          1467.1953125,
          209.90055465698242
        ]
      ],
      "id": 21,
      "category_id": 1,
      "iscrowd": 0,
      "area": 330.84561265767115,
      "image_id": 5,
      "bbox": [
        1467.1953125,
        189.564453125,
        16.26888084411621,
        20.336101531982422
      ]
    },
    {
      "segmentation": [
        [
          124.052734375,
          168.9931640625,
          155.37823295593262,
          168.9931640625,
          155.37823295593262,
          206.34279251098633,
          124.052734375,
          206.34279251098633
        ]
      ],
      "id": 22,
      "category_id": 1,
      "iscrowd": 0,
      "area": 1169.995732961419,
      "image_id": 6,
      "bbox": [
        124.052734375,
        168.9931640625,
        31.325498580932617,
        37.34962844848633
      ]
    },
    {
      "segmentation": [
        [
          631.556640625,
          172.71484375,
          647.8255214691162,
          172.71484375,
          647.8255214691162,
          191.3078498840332,
          631.556640625,
          191.3078498840332
        ]
      ],
      "id": 23,
      "category_id": 1,
      "iscrowd": 0,
      "area": 302.487401328508,
      "image_id": 6,
      "bbox": [
        631.556640625,
        172.71484375,
        16.26888084411621,
        18.593006134033203
      ]
    },
    {
      "segmentation": [
        [
          1044.087890625,
          183.75390625,
          1063.2619285583496,
          183.75390625,
          1063.2619285583496,
          230.23642349243164,
          1044.087890625,
          230.23642349243164
        ]
      ],
      "id": 24,
      "category_id": 1,
      "iscrowd": 0,
      "area": 891.2575488439616,
      "image_id": 6,
      "bbox": [
        1044.087890625,
        183.75390625,
        19.17403793334961,
        46.48251724243164
      ]
    },
    {
      "segmentation": [
        [
          1181.79296875,
          230.2373046875,
          1217.2358894348145,
          230.2373046875,
          1217.2358894348145,
          268.0043525695801,
          1181.79296875,
          268.0043525695801
        ]
      ],
      "id": 25,
      "category_id": 1,
      "iscrowd": 0,
      "area": 1338.5744825841539,
      "image_id": 6,
      "bbox": [
        1181.79296875,
        230.2373046875,
        35.44292068481445,
        37.76704788208008
      ]
    },
    {
      "segmentation": [
        [
          1446.732421875,
          192.8193359375,
          1462.2265939712524,
          192.8193359375,
          1462.2265939712524,
          210.73447227478027,
          1446.732421875,
          210.73447227478027
        ]
      ],
      "id": 26,
      "category_id": 1,
      "iscrowd": 0,
      "area": 277.5802055376462,
      "image_id": 6,
      "bbox": [
        1446.732421875,
        192.8193359375,
        15.494172096252441,
        17.915136337280273
      ]
    },
    {
      "segmentation": [
        [
          122.84765625,
          167.787109375,
          151.76350021362305,
          167.787109375,
          151.76350021362305,
          200.31743621826172,
          122.84765625,
          200.31743621826172
        ]
      ],
      "id": 27,
      "category_id": 1,
      "iscrowd": 0,
      "area": 940.6418550854141,
      "image_id": 7,
      "bbox": [
        122.84765625,
        167.787109375,
        28.915843963623047,
        32.53032684326172
      ]
    },
    {
      "segmentation": [
        [
          698.025390625,
          173.595703125,
          720.7824554443359,
          173.595703125,
          720.7824554443359,
          195.8685760498047,
          698.025390625,
          195.8685760498047
        ]
      ],
      "id": 28,
      "category_id": 1,
      "iscrowd": 0,
      "area": 506.8652128626127,
      "image_id": 7,
      "bbox": [
        698.025390625,
        173.595703125,
        22.757064819335938,
        22.272872924804688
      ]
    },
    {
      "segmentation": [
        [
          990.962890625,
          174.564453125,
          1035.0244407653809,
          174.564453125,
          1035.0244407653809,
          222.9837417602539,
          990.962890625,
          222.9837417602539
        ]
      ],
      "id": 29,
      "category_id": 1,
      "iscrowd": 0,
      "area": 2133.428913963813,
      "image_id": 7,
      "bbox": [
        990.962890625,
        174.564453125,
        44.06155014038086,
        48.419288635253906
      ]
    },
    {
      "segmentation": [
        [
          1169.62890625,
          227.341796875,
          1209.7999999999993,
          227.341796875,
          1209.7999999999993,
          269.4665756225586,
          1169.62890625,
          269.4665756225586
        ]
      ],
      "id": 30,
      "category_id": 1,
      "iscrowd": 0,
      "area": 1692.1984362661533,
      "image_id": 7,
      "bbox": [
        1169.62890625,
        227.341796875,
        40.17109374999927,
        42.124778747558594
      ]
    },
    {
      "segmentation": [
        [
          1436.904296875,
          192.96484375,
          1456.2720108032227,
          192.96484375,
          1456.2720108032227,
          214.75352478027344,
          1436.904296875,
          214.75352478027344
        ]
      ],
      "id": 31,
      "category_id": 1,
      "iscrowd": 0,
      "area": 421.99694106762763,
      "image_id": 7,
      "bbox": [
        1436.904296875,
        192.96484375,
        19.367713928222656,
        21.788681030273438
      ]
    },
    {
      "segmentation": [
        [
          126.6298828125,
          172.240234375,
          157.61822700500488,
          172.240234375,
          157.61822700500488,
          201.29180908203125,
          126.6298828125,
          201.29180908203125
        ]
      ],
      "id": 32,
      "category_id": 1,
      "iscrowd": 0,
      "area": 900.2601963557536,
      "image_id": 8,
      "bbox": [
        126.6298828125,
        172.240234375,
        30.988344192504883,
        29.05157470703125
      ]
    },
    {
      "segmentation": [
        [
          753.17578125,
          180.9560546875,
          773.0276889801025,
          180.9560546875,
          773.0276889801025,
          203.71311950683594,
          753.17578125,
          203.71311950683594
        ]
      ],
      "id": 33,
      "category_id": 1,
      "iscrowd": 0,
      "area": 451.77115100141964,
      "image_id": 8,
      "bbox": [
        753.17578125,
        180.9560546875,
        19.85190773010254,
        22.757064819335938
      ]
    },
    {
      "segmentation": [
        [
          990.4296875,
          190.640625,
          1019.9654541015625,
          190.640625,
          1019.9654541015625,
          238.09152603149414,
          990.4296875,
          238.09152603149414
        ]
      ],
      "id": 34,
      "category_id": 1,
      "iscrowd": 0,
      "area": 1401.4987379000522,
      "image_id": 8,
      "bbox": [
        990.4296875,
        190.640625,
        29.5357666015625,
        47.45090103149414
      ]
    },
    {
      "segmentation": [
        [
          1134.7000000000007,
          227.4384765625,
          1171.5174598693848,
          227.4384765625,
          1171.5174598693848,
          266.6581001281738,
          1134.7000000000007,
          266.6581001281738
        ]
      ],
      "id": 35,
      "category_id": 1,
      "iscrowd": 0,
      "area": 1443.9669167215447,
      "image_id": 8,
      "bbox": [
        1134.7000000000007,
        227.4384765625,
        36.81745986938404,
        39.21962356567383
      ]
    },
    {
      "segmentation": [
        [
          1435.88671875,
          196.982421875,
          1455.7386264801025,
          196.982421875,
          1455.7386264801025,
          218.23848915100098,
          1435.88671875,
          218.23848915100098
        ]
      ],
      "id": 36,
      "category_id": 1,
      "iscrowd": 0,
      "area": 421.9734862680234,
      "image_id": 8,
      "bbox": [
        1435.88671875,
        196.982421875,
        19.85190773010254,
        21.256067276000977
      ]
    },
    {
      "segmentation": [
        [
          150.8203125,
          182.0908203125,
          182.76359176635742,
          182.0908203125,
          182.76359176635742,
          212.6891212463379,
          150.8203125,
          212.6891212463379
        ]
      ],
      "id": 37,
      "category_id": 1,
      "iscrowd": 0,
      "area": 977.4100718056288,
      "image_id": 9,
      "bbox": [
        150.8203125,
        182.0908203125,
        31.943279266357422,
        30.59830093383789
      ]
    },
    {
      "segmentation": [
        [
          781.615234375,
          179.064453125,
          802.4624290466309,
          179.064453125,
          802.4624290466309,
          201.59287071228027,
          781.615234375,
          201.59287071228027
        ]
      ],
      "id": 38,
      "category_id": 1,
      "iscrowd": 0,
      "area": 469.65430708582426,
      "image_id": 9,
      "bbox": [
        781.615234375,
        179.064453125,
        20.84719467163086,
        22.528417587280273
      ]
    },
    {
      "segmentation": [
        [
          960.833984375,
          199.2392578125,
          990.0873050689697,
          199.2392578125,
          990.0873050689697,
          234.54499053955078,
          960.833984375,
          234.54499053955078
        ]
      ],
      "id": 39,
      "category_id": 1,
      "iscrowd": 0,
      "area": 1032.8099217999988,
      "image_id": 9,
      "bbox": [
        960.833984375,
        199.2392578125,
        29.253320693969727,
        35.30573272705078
      ]
    },
    {
      "segmentation": [
        [
          1097.6875,
          228.15625,
          1127.2770652770996,
          228.15625,
          1127.2770652770996,
          267.49692153930664,
          1097.6875,
          267.49692153930664
        ]
      ],
      "id": 40,
      "category_id": 1,
      "iscrowd": 0,
      "area": 1164.0733685572486,
      "image_id": 9,
      "bbox": [
        1097.6875,
        228.15625,
        29.58956527709961,
        39.34067153930664
      ]
    },
    {
      "segmentation": [
        [
          1434.267578125,
          204.955078125,
          1457.8047313690186,
          204.955078125,
          1457.8047313690186,
          227.1472511291504,
          1434.267578125,
          227.1472511291504
        ]
      ],
      "id": 41,
      "category_id": 1,
      "iscrowd": 0,
      "area": 522.3405768164594,
      "image_id": 9,
      "bbox": [
        1434.267578125,
        204.955078125,
        23.537153244018555,
        22.19217300415039
      ]
    }
  ],
  "info": {
    "contributor": "",
    "year": "",
    "version": "",
    "date_created": "",
    "url": "",
    "description": ""
  },
  "categories": [
    {
      "id": 1,
      "name": "face",
      "supercategory": ""
    }
  ]
}
