{"annotations": [{"id": 25, "image_id": 0, "category_id": 1, "segmentation": null, "area": 26642.0, "bbox": [2310.0, 1920.0, 173.0, 154.0], "iscrowd": 0, "is_occluded": true, "attributes": {}}, {"id": 26, "image_id": 0, "category_id": 1, "segmentation": null, "area": 16092.0, "bbox": [2231.0, 1896.0, 149.0, 108.0], "iscrowd": 0, "is_occluded": true, "attributes": {}}, {"id": 27, "image_id": 0, "category_id": 1, "segmentation": null, "area": 2530.0, "bbox": [2926.0, 1878.0, 55.0, 46.0], "iscrowd": 0, "is_occluded": true, "attributes": {}}, {"id": 28, "image_id": 0, "category_id": 1, "segmentation": null, "area": 2596.0, "bbox": [3045.0, 1879.0, 59.0, 44.0], "iscrowd": 0, "is_occluded": false, "attributes": {}}, {"id": 29, "image_id": 0, "category_id": 1, "segmentation": null, "area": 1908.0, "bbox": [2863.0, 1878.0, 53.0, 36.0], "iscrowd": 0, "is_occluded": false, "attributes": {}}, {"id": 30, "image_id": 0, "category_id": 1, "segmentation": null, "area": 3750.0, "bbox": [2982.0, 1880.0, 75.0, 50.0], "iscrowd": 0, "is_occluded": false, "attributes": {}}, {"id": 31, "image_id": 0, "category_id": 1, "segmentation": null, "area": 2268.0, "bbox": [3592.0, 1888.0, 84.0, 27.0], "iscrowd": 0, "is_occluded": false, "attributes": {}}, {"id": 32, "image_id": 0, "category_id": 1, "segmentation": null, "area": 512.0, "bbox": [2576.0, 1840.0, 32.0, 16.0], "iscrowd": 0, "is_occluded": false, "attributes": {}}, {"id": 33, "image_id": 0, "category_id": 1, "segmentation": null, "area": 69732.0, "bbox": [0.0, 1838.0, 298.0, 234.0], "iscrowd": 0, "is_occluded": true, "attributes": {}}, {"id": 34, "image_id": 0, "category_id": 1, "segmentation": null, "area": 159328.0, "bbox": [2469.0, 1855.0, 416.0, 383.0], "iscrowd": 0, "is_occluded": false, "attributes": {}}, {"id": 35, "image_id": 0, "category_id": 1, "segmentation": null, "area": 1960.0, "bbox": [3702.0, 1888.0, 70.0, 28.0], "iscrowd": 0, "is_occluded": false, "attributes": {}}, {"id": 36, "image_id": 0, "category_id": 1, "segmentation": null, "area": 2016.0, "bbox": [4034.0, 1900.0, 84.0, 24.0], "iscrowd": 0, "is_occluded": false, "attributes": {}}, {"id": 37, "image_id": 0, "category_id": 1, "segmentation": null, "area": 6466.0, "bbox": [0.0, 1968.0, 53.0, 122.0], "iscrowd": 0, "is_occluded": true, "attributes": {}}, {"id": 38, "image_id": 0, "category_id": 1, "segmentation": null, "area": 9956.0, "bbox": [3343.0, 1905.0, 131.0, 76.0], "iscrowd": 0, "is_occluded": false, "attributes": {}}, {"id": 39, "image_id": 0, "category_id": 1, "segmentation": null, "area": 2262.0, "bbox": [3777.0, 1893.0, 78.0, 29.0], "iscrowd": 0, "is_occluded": true, "attributes": {}}, {"id": 40, "image_id": 0, "category_id": 1, "segmentation": null, "area": 6592.0, "bbox": [3124.0, 1894.0, 103.0, 64.0], "iscrowd": 0, "is_occluded": true, "attributes": {}}, {"id": 72, "image_id": 1, "category_id": 1, "segmentation": null, "area": 151164.0, "bbox": [0.0, 1600.0, 442.0, 342.0], "iscrowd": 0, "is_occluded": false, "attributes": {}}, {"id": 73, "image_id": 1, "category_id": 1, "segmentation": null, "area": 98712.0, "bbox": [3444.0, 1592.0, 457.0, 216.0], "iscrowd": 0, "is_occluded": true, "attributes": {}}, {"id": 74, "image_id": 1, "category_id": 1, "segmentation": null, "area": 8961.0, "bbox": [1665.0, 1686.0, 103.0, 87.0], "iscrowd": 0, "is_occluded": false, "attributes": {}}, {"id": 75, "image_id": 1, "category_id": 1, "segmentation": null, "area": 143276.0, "bbox": [2444.0, 1652.0, 602.0, 238.0], "iscrowd": 0, "is_occluded": false, "attributes": {}}, {"id": 76, "image_id": 1, "category_id": 1, "segmentation": null, "area": 43460.0, "bbox": [739.0, 1676.0, 212.0, 205.0], "iscrowd": 0, "is_occluded": false, "attributes": {}}, {"id": 77, "image_id": 1, "category_id": 1, "segmentation": null, "area": 13800.0, "bbox": [687.0, 1702.0, 100.0, 138.0], "iscrowd": 0, "is_occluded": true, "attributes": {}}, {"id": 78, "image_id": 1, "category_id": 1, "segmentation": null, "area": 2046.0, "bbox": [1603.0, 1684.0, 31.0, 66.0], "iscrowd": 0, "is_occluded": true, "attributes": {}}, {"id": 79, "image_id": 1, "category_id": 1, "segmentation": null, "area": 3996.0, "bbox": [1603.0, 1663.0, 54.0, 74.0], "iscrowd": 0, "is_occluded": true, "attributes": {}}, {"id": 80, "image_id": 1, "category_id": 1, "segmentation": null, "area": 11817.0, "bbox": [1126.0, 1675.0, 117.0, 101.0], "iscrowd": 0, "is_occluded": true, "attributes": {}}, {"id": 81, "image_id": 1, "category_id": 1, "segmentation": null, "area": 14204.0, "bbox": [1667.0, 1604.0, 134.0, 106.0], "iscrowd": 0, "is_occluded": true, "attributes": {}}, {"id": 82, "image_id": 1, "category_id": 1, "segmentation": null, "area": 10608.0, "bbox": [1201.0, 1661.0, 102.0, 104.0], "iscrowd": 0, "is_occluded": true, "attributes": {}}, {"id": 83, "image_id": 1, "category_id": 1, "segmentation": null, "area": 2904.0, "bbox": [439.0, 1744.0, 66.0, 44.0], "iscrowd": 0, "is_occluded": true, "attributes": {}}, {"id": 84, "image_id": 1, "category_id": 1, "segmentation": null, "area": 21170.0, "bbox": [997.0, 1666.0, 146.0, 145.0], "iscrowd": 0, "is_occluded": true, "attributes": {}}, {"id": 85, "image_id": 1, "category_id": 1, "segmentation": null, "area": 2975.0, "bbox": [1004.0, 1748.0, 35.0, 85.0], "iscrowd": 0, "is_occluded": true, "attributes": {}}, {"id": 86, "image_id": 1, "category_id": 1, "segmentation": null, "area": 7992.0, "bbox": [1533.0, 1652.0, 72.0, 111.0], "iscrowd": 0, "is_occluded": true, "attributes": {}}, {"id": 87, "image_id": 1, "category_id": 1, "segmentation": null, "area": 20100.0, "bbox": [1449.0, 1653.0, 134.0, 150.0], "iscrowd": 0, "is_occluded": false, "attributes": {}}, {"id": 88, "image_id": 1, "category_id": 1, "segmentation": null, "area": 64862.0, "bbox": [1242.0, 1665.0, 287.0, 226.0], "iscrowd": 0, "is_occluded": false, "attributes": {}}, {"id": 89, "image_id": 1, "category_id": 1, "segmentation": null, "area": 8800.0, "bbox": [1129.0, 1703.0, 100.0, 88.0], "iscrowd": 0, "is_occluded": true, "attributes": {}}, {"id": 102, "image_id": 2, "category_id": 1, "segmentation": null, "area": 4320.0, "bbox": [2641.0, 1399.0, 108.0, 40.0], "iscrowd": 0, "is_occluded": false, "attributes": {}}, {"id": 103, "image_id": 2, "category_id": 1, "segmentation": null, "area": 4107.0, "bbox": [258.0, 1352.0, 111.0, 37.0], "iscrowd": 0, "is_occluded": true, "attributes": {}}, {"id": 104, "image_id": 2, "category_id": 1, "segmentation": null, "area": 1080.0, "bbox": [633.0, 1367.0, 45.0, 24.0], "iscrowd": 0, "is_occluded": true, "attributes": {}}, {"id": 105, "image_id": 2, "category_id": 1, "segmentation": null, "area": 980.0, "bbox": [223.0, 1327.0, 49.0, 20.0], "iscrowd": 0, "is_occluded": false, "attributes": {}}, {"id": 106, "image_id": 2, "category_id": 1, "segmentation": null, "area": 47047.0, "bbox": [4.0, 1310.0, 329.0, 143.0], "iscrowd": 0, "is_occluded": true, "attributes": {}}, {"id": 107, "image_id": 2, "category_id": 1, "segmentation": null, "area": 1820.0, "bbox": [1855.0, 1425.0, 70.0, 26.0], "iscrowd": 0, "is_occluded": false, "attributes": {}}, {"id": 108, "image_id": 2, "category_id": 1, "segmentation": null, "area": 127368.0, "bbox": [207.0, 1370.0, 732.0, 174.0], "iscrowd": 0, "is_occluded": false, "attributes": {}}, {"id": 109, "image_id": 2, "category_id": 1, "segmentation": null, "area": 91692.0, "bbox": [659.0, 1355.0, 566.0, 162.0], "iscrowd": 0, "is_occluded": true, "attributes": {}}, {"id": 110, "image_id": 2, "category_id": 1, "segmentation": null, "area": 1645.0, "bbox": [2235.0, 1416.0, 47.0, 35.0], "iscrowd": 0, "is_occluded": false, "attributes": {}}, {"id": 111, "image_id": 2, "category_id": 1, "segmentation": null, "area": 76032.0, "bbox": [0.0, 1336.0, 352.0, 216.0], "iscrowd": 0, "is_occluded": true, "attributes": {}}, {"id": 112, "image_id": 2, "category_id": 1, "segmentation": null, "area": 40579.0, "bbox": [1514.0, 1439.0, 341.0, 119.0], "iscrowd": 0, "is_occluded": false, "attributes": {}}, {"id": 113, "image_id": 2, "category_id": 1, "segmentation": null, "area": 819.0, "bbox": [2442.0, 1407.0, 63.0, 13.0], "iscrowd": 0, "is_occluded": true, "attributes": {}}, {"id": 114, "image_id": 2, "category_id": 1, "segmentation": null, "area": 2600.0, "bbox": [1550.0, 1399.0, 65.0, 40.0], "iscrowd": 0, "is_occluded": true, "attributes": {}}, {"id": 115, "image_id": 2, "category_id": 1, "segmentation": null, "area": 1836.0, "bbox": [2797.0, 1394.0, 54.0, 34.0], "iscrowd": 0, "is_occluded": true, "attributes": {}}, {"id": 116, "image_id": 2, "category_id": 1, "segmentation": null, "area": 2407.0, "bbox": [2825.0, 1398.0, 83.0, 29.0], "iscrowd": 0, "is_occluded": false, "attributes": {}}, {"id": 117, "image_id": 2, "category_id": 1, "segmentation": null, "area": 872016.0, "bbox": [2858.0, 1264.0, 982.0, 888.0], "iscrowd": 0, "is_occluded": true, "attributes": {}}, {"id": 186, "image_id": 3, "category_id": 1, "segmentation": null, "area": 2380.0, "bbox": [812.0, 1258.0, 68.0, 35.0], "iscrowd": 0, "is_occluded": true, "attributes": {}}, {"id": 187, "image_id": 3, "category_id": 1, "segmentation": null, "area": 5616.0, "bbox": [880.0, 1236.0, 156.0, 36.0], "iscrowd": 0, "is_occluded": true, "attributes": {}}, {"id": 188, "image_id": 3, "category_id": 1, "segmentation": null, "area": 28304.0, "bbox": [1020.0, 1231.0, 232.0, 122.0], "iscrowd": 0, "is_occluded": true, "attributes": {}}, {"id": 189, "image_id": 3, "category_id": 1, "segmentation": null, "area": 2016.0, "bbox": [1182.0, 1252.0, 72.0, 28.0], "iscrowd": 0, "is_occluded": true, "attributes": {}}, {"id": 190, "image_id": 3, "category_id": 1, "segmentation": null, "area": 9450.0, "bbox": [1209.0, 1250.0, 150.0, 63.0], "iscrowd": 0, "is_occluded": true, "attributes": {}}, {"id": 191, "image_id": 3, "category_id": 1, "segmentation": null, "area": 119796.0, "bbox": [0.0, 1206.0, 402.0, 298.0], "iscrowd": 0, "is_occluded": true, "attributes": {}}, {"id": 192, "image_id": 3, "category_id": 1, "segmentation": null, "area": 5566.0, "bbox": [590.0, 1246.0, 121.0, 46.0], "iscrowd": 0, "is_occluded": true, "attributes": {}}, {"id": 193, "image_id": 3, "category_id": 1, "segmentation": null, "area": 53070.0, "bbox": [1341.0, 1243.0, 290.0, 183.0], "iscrowd": 0, "is_occluded": false, "attributes": {}}, {"id": 194, "image_id": 3, "category_id": 1, "segmentation": null, "area": 1512.0, "bbox": [1649.0, 1269.0, 63.0, 24.0], "iscrowd": 0, "is_occluded": true, "attributes": {}}, {"id": 195, "image_id": 3, "category_id": 1, "segmentation": null, "area": 425544.0, "bbox": [1666.0, 1184.0, 894.0, 476.0], "iscrowd": 0, "is_occluded": false, "attributes": {}}, {"id": 196, "image_id": 3, "category_id": 1, "segmentation": null, "area": 36287.0, "bbox": [2283.0, 1245.0, 277.0, 131.0], "iscrowd": 0, "is_occluded": true, "attributes": {}}, {"id": 197, "image_id": 3, "category_id": 1, "segmentation": null, "area": 19584.0, "bbox": [650.0, 1252.0, 204.0, 96.0], "iscrowd": 0, "is_occluded": true, "attributes": {}}, {"id": 198, "image_id": 3, "category_id": 1, "segmentation": null, "area": 30885.0, "bbox": [320.0, 1264.0, 145.0, 213.0], "iscrowd": 0, "is_occluded": true, "attributes": {}}, {"id": 199, "image_id": 3, "category_id": 1, "segmentation": null, "area": 50022.0, "bbox": [833.0, 1260.0, 397.0, 126.0], "iscrowd": 0, "is_occluded": false, "attributes": {}}, {"id": 200, "image_id": 3, "category_id": 1, "segmentation": null, "area": 13904.0, "bbox": [440.0, 1257.0, 176.0, 79.0], "iscrowd": 0, "is_occluded": false, "attributes": {}}, {"id": 201, "image_id": 3, "category_id": 1, "segmentation": null, "area": 30912.0, "bbox": [312.0, 1253.0, 184.0, 168.0], "iscrowd": 0, "is_occluded": true, "attributes": {}}, {"id": 202, "image_id": 3, "category_id": 1, "segmentation": null, "area": 47874.0, "bbox": [1357.0, 1219.0, 303.0, 158.0], "iscrowd": 0, "is_occluded": true, "attributes": {}}, {"id": 203, "image_id": 3, "category_id": 1, "segmentation": null, "area": 39188.0, "bbox": [21.0, 1350.0, 194.0, 202.0], "iscrowd": 0, "is_occluded": true, "attributes": {}}, {"id": 365, "image_id": 4, "category_id": 1, "segmentation": null, "area": 540.0, "bbox": [1495.0, 1833.0, 15.0, 36.0], "iscrowd": 0, "is_occluded": true, "attributes": {}}, {"id": 366, "image_id": 4, "category_id": 1, "segmentation": null, "area": 1056.0, "bbox": [1464.0, 1830.0, 32.0, 33.0], "iscrowd": 0, "is_occluded": false, "attributes": {}}, {"id": 367, "image_id": 4, "category_id": 1, "segmentation": null, "area": 476.0, "bbox": [1452.0, 1831.0, 17.0, 28.0], "iscrowd": 0, "is_occluded": true, "attributes": {}}, {"id": 368, "image_id": 4, "category_id": 1, "segmentation": null, "area": 841.0, "bbox": [1426.0, 1825.0, 29.0, 29.0], "iscrowd": 0, "is_occluded": false, "attributes": {}}, {"id": 369, "image_id": 4, "category_id": 1, "segmentation": null, "area": 624.0, "bbox": [1598.0, 1839.0, 16.0, 39.0], "iscrowd": 0, "is_occluded": true, "attributes": {}}, {"id": 370, "image_id": 4, "category_id": 1, "segmentation": null, "area": 6324.0, "bbox": [2614.0, 1912.0, 68.0, 93.0], "iscrowd": 0, "is_occluded": true, "attributes": {}}, {"id": 371, "image_id": 4, "category_id": 1, "segmentation": null, "area": 23129.0, "bbox": [2272.0, 1863.0, 229.0, 101.0], "iscrowd": 0, "is_occluded": false, "attributes": {}}, {"id": 372, "image_id": 4, "category_id": 1, "segmentation": null, "area": 18170.0, "bbox": [2061.0, 1860.0, 230.0, 79.0], "iscrowd": 0, "is_occluded": false, "attributes": {}}, {"id": 373, "image_id": 4, "category_id": 1, "segmentation": null, "area": 14350.0, "bbox": [2044.0, 1850.0, 205.0, 70.0], "iscrowd": 0, "is_occluded": true, "attributes": {}}, {"id": 374, "image_id": 4, "category_id": 1, "segmentation": null, "area": 9398.0, "bbox": [1976.0, 1843.0, 127.0, 74.0], "iscrowd": 0, "is_occluded": true, "attributes": {}}, {"id": 375, "image_id": 4, "category_id": 1, "segmentation": null, "area": 215296.0, "bbox": [280.0, 1653.0, 464.0, 464.0], "iscrowd": 0, "is_occluded": false, "attributes": {}}, {"id": 376, "image_id": 4, "category_id": 1, "segmentation": null, "area": 182712.0, "bbox": [2677.0, 1823.0, 552.0, 331.0], "iscrowd": 0, "is_occluded": false, "attributes": {}}, {"id": 377, "image_id": 4, "category_id": 1, "segmentation": null, "area": 12397.0, "bbox": [953.0, 1768.0, 161.0, 77.0], "iscrowd": 0, "is_occluded": true, "attributes": {}}, {"id": 378, "image_id": 4, "category_id": 1, "segmentation": null, "area": 11466.0, "bbox": [992.0, 1799.0, 126.0, 91.0], "iscrowd": 0, "is_occluded": true, "attributes": {}}, {"id": 379, "image_id": 4, "category_id": 1, "segmentation": null, "area": 15015.0, "bbox": [1852.0, 1839.0, 143.0, 105.0], "iscrowd": 0, "is_occluded": false, "attributes": {}}, {"id": 380, "image_id": 4, "category_id": 1, "segmentation": null, "area": 2378.0, "bbox": [1937.0, 1838.0, 82.0, 29.0], "iscrowd": 0, "is_occluded": true, "attributes": {}}, {"id": 381, "image_id": 4, "category_id": 1, "segmentation": null, "area": 33286.0, "bbox": [3086.0, 1884.0, 178.0, 187.0], "iscrowd": 0, "is_occluded": true, "attributes": {}}, {"id": 382, "image_id": 4, "category_id": 1, "segmentation": null, "area": 32964.0, "bbox": [2421.0, 1872.0, 268.0, 123.0], "iscrowd": 0, "is_occluded": false, "attributes": {}}, {"id": 383, "image_id": 4, "category_id": 1, "segmentation": null, "area": 11856.0, "bbox": [1324.0, 1797.0, 104.0, 114.0], "iscrowd": 0, "is_occluded": false, "attributes": {}}, {"id": 384, "image_id": 4, "category_id": 1, "segmentation": null, "area": 10848.0, "bbox": [1507.0, 1770.0, 96.0, 113.0], "iscrowd": 0, "is_occluded": false, "attributes": {}}, {"id": 393, "image_id": 5, "category_id": 1, "segmentation": null, "area": 2250.0, "bbox": [377.0, 1778.0, 90.0, 25.0], "iscrowd": 0, "is_occluded": true, "attributes": {}}, {"id": 394, "image_id": 5, "category_id": 1, "segmentation": null, "area": 4615.0, "bbox": [863.0, 1769.0, 65.0, 71.0], "iscrowd": 0, "is_occluded": true, "attributes": {}}, {"id": 395, "image_id": 5, "category_id": 1, "segmentation": null, "area": 1674.0, "bbox": [919.0, 1781.0, 31.0, 54.0], "iscrowd": 0, "is_occluded": true, "attributes": {}}, {"id": 396, "image_id": 5, "category_id": 1, "segmentation": null, "area": 10611.0, "bbox": [341.0, 1792.0, 131.0, 81.0], "iscrowd": 0, "is_occluded": false, "attributes": {}}, {"id": 397, "image_id": 5, "category_id": 1, "segmentation": null, "area": 1920.0, "bbox": [339.0, 1776.0, 40.0, 48.0], "iscrowd": 0, "is_occluded": true, "attributes": {}}, {"id": 398, "image_id": 5, "category_id": 1, "segmentation": null, "area": 24888.0, "bbox": [144.0, 1768.0, 204.0, 122.0], "iscrowd": 0, "is_occluded": false, "attributes": {}}, {"id": 399, "image_id": 5, "category_id": 1, "segmentation": null, "area": 15322.0, "bbox": [0.0, 1796.0, 163.0, 94.0], "iscrowd": 0, "is_occluded": false, "attributes": {}}, {"id": 400, "image_id": 5, "category_id": 1, "segmentation": null, "area": 868.0, "bbox": [1112.0, 1778.0, 28.0, 31.0], "iscrowd": 0, "is_occluded": false, "attributes": {}}, {"id": 401, "image_id": 5, "category_id": 1, "segmentation": null, "area": 18212.0, "bbox": [451.0, 1758.0, 157.0, 116.0], "iscrowd": 0, "is_occluded": false, "attributes": {}}, {"id": 402, "image_id": 5, "category_id": 1, "segmentation": null, "area": 2736.0, "bbox": [1045.0, 1762.0, 38.0, 72.0], "iscrowd": 0, "is_occluded": true, "attributes": {}}, {"id": 403, "image_id": 5, "category_id": 1, "segmentation": null, "area": 3348.0, "bbox": [1141.0, 1776.0, 62.0, 54.0], "iscrowd": 0, "is_occluded": false, "attributes": {}}, {"id": 404, "image_id": 5, "category_id": 1, "segmentation": null, "area": 1785.0, "bbox": [1234.0, 1784.0, 51.0, 35.0], "iscrowd": 0, "is_occluded": false, "attributes": {}}, {"id": 405, "image_id": 5, "category_id": 1, "segmentation": null, "area": 10509.0, "bbox": [950.0, 1759.0, 113.0, 93.0], "iscrowd": 0, "is_occluded": false, "attributes": {}}, {"id": 406, "image_id": 5, "category_id": 1, "segmentation": null, "area": 320.0, "bbox": [656.0, 1784.0, 40.0, 8.0], "iscrowd": 0, "is_occluded": false, "attributes": {}}, {"id": 407, "image_id": 5, "category_id": 1, "segmentation": null, "area": 912.0, "bbox": [596.0, 1766.0, 48.0, 19.0], "iscrowd": 0, "is_occluded": true, "attributes": {}}, {"id": 408, "image_id": 5, "category_id": 1, "segmentation": null, "area": 4550.0, "bbox": [831.0, 1776.0, 65.0, 70.0], "iscrowd": 0, "is_occluded": true, "attributes": {}}, {"id": 409, "image_id": 5, "category_id": 1, "segmentation": null, "area": 4514.0, "bbox": [788.0, 1776.0, 61.0, 74.0], "iscrowd": 0, "is_occluded": true, "attributes": {}}, {"id": 410, "image_id": 5, "category_id": 1, "segmentation": null, "area": 5776.0, "bbox": [604.0, 1784.0, 76.0, 76.0], "iscrowd": 0, "is_occluded": true, "attributes": {}}, {"id": 411, "image_id": 5, "category_id": 1, "segmentation": null, "area": 13299.0, "bbox": [668.0, 1776.0, 143.0, 93.0], "iscrowd": 0, "is_occluded": false, "attributes": {}}, {"id": 412, "image_id": 5, "category_id": 1, "segmentation": null, "area": 132133.0, "bbox": [2573.0, 1712.0, 577.0, 229.0], "iscrowd": 0, "is_occluded": false, "attributes": {}}, {"id": 413, "image_id": 5, "category_id": 1, "segmentation": null, "area": 165416.0, "bbox": [2365.0, 1800.0, 667.0, 248.0], "iscrowd": 0, "is_occluded": false, "attributes": {}}, {"id": 414, "image_id": 5, "category_id": 1, "segmentation": null, "area": 325104.0, "bbox": [1351.0, 1769.0, 624.0, 521.0], "iscrowd": 0, "is_occluded": false, "attributes": {}}, {"id": 415, "image_id": 5, "category_id": 1, "segmentation": null, "area": 13112.0, "bbox": [1220.0, 1783.0, 149.0, 88.0], "iscrowd": 0, "is_occluded": true, "attributes": {}}, {"id": 416, "image_id": 5, "category_id": 1, "segmentation": null, "area": 64288.0, "bbox": [1335.0, 1719.0, 392.0, 164.0], "iscrowd": 0, "is_occluded": true, "attributes": {}}, {"id": 417, "image_id": 5, "category_id": 1, "segmentation": null, "area": 49113.0, "bbox": [1654.0, 1738.0, 321.0, 153.0], "iscrowd": 0, "is_occluded": true, "attributes": {}}, {"id": 418, "image_id": 5, "category_id": 1, "segmentation": null, "area": 59136.0, "bbox": [2288.0, 1728.0, 352.0, 168.0], "iscrowd": 0, "is_occluded": true, "attributes": {}}, {"id": 434, "image_id": 6, "category_id": 1, "segmentation": null, "area": 6262.0, "bbox": [0.0, 1674.0, 101.0, 62.0], "iscrowd": 0, "is_occluded": true, "attributes": {}}, {"id": 435, "image_id": 6, "category_id": 1, "segmentation": null, "area": 6006.0, "bbox": [944.0, 1667.0, 78.0, 77.0], "iscrowd": 0, "is_occluded": true, "attributes": {}}, {"id": 436, "image_id": 6, "category_id": 1, "segmentation": null, "area": 4712.0, "bbox": [1004.0, 1669.0, 76.0, 62.0], "iscrowd": 0, "is_occluded": true, "attributes": {}}, {"id": 437, "image_id": 6, "category_id": 1, "segmentation": null, "area": 4425.0, "bbox": [1056.0, 1663.0, 75.0, 59.0], "iscrowd": 0, "is_occluded": true, "attributes": {}}, {"id": 438, "image_id": 6, "category_id": 1, "segmentation": null, "area": 3825.0, "bbox": [1124.0, 1660.0, 75.0, 51.0], "iscrowd": 0, "is_occluded": false, "attributes": {}}, {"id": 439, "image_id": 6, "category_id": 1, "segmentation": null, "area": 969.0, "bbox": [939.0, 1651.0, 57.0, 17.0], "iscrowd": 0, "is_occluded": true, "attributes": {}}, {"id": 440, "image_id": 6, "category_id": 1, "segmentation": null, "area": 980.0, "bbox": [996.0, 1655.0, 70.0, 14.0], "iscrowd": 0, "is_occluded": true, "attributes": {}}, {"id": 441, "image_id": 6, "category_id": 1, "segmentation": null, "area": 1102.0, "bbox": [1070.0, 1657.0, 58.0, 19.0], "iscrowd": 0, "is_occluded": true, "attributes": {}}, {"id": 442, "image_id": 6, "category_id": 1, "segmentation": null, "area": 1462.0, "bbox": [1193.0, 1653.0, 43.0, 34.0], "iscrowd": 0, "is_occluded": false, "attributes": {}}, {"id": 443, "image_id": 6, "category_id": 1, "segmentation": null, "area": 2925.0, "bbox": [1233.0, 1645.0, 65.0, 45.0], "iscrowd": 0, "is_occluded": false, "attributes": {}}, {"id": 444, "image_id": 6, "category_id": 1, "segmentation": null, "area": 1530.0, "bbox": [1299.0, 1655.0, 51.0, 30.0], "iscrowd": 0, "is_occluded": false, "attributes": {}}, {"id": 445, "image_id": 6, "category_id": 1, "segmentation": null, "area": 1323.0, "bbox": [1350.0, 1653.0, 49.0, 27.0], "iscrowd": 0, "is_occluded": false, "attributes": {}}, {"id": 446, "image_id": 6, "category_id": 1, "segmentation": null, "area": 943.0, "bbox": [1296.0, 1649.0, 41.0, 23.0], "iscrowd": 0, "is_occluded": true, "attributes": {}}, {"id": 447, "image_id": 6, "category_id": 1, "segmentation": null, "area": 17934.0, "bbox": [529.0, 1654.0, 147.0, 122.0], "iscrowd": 0, "is_occluded": true, "attributes": {}}, {"id": 448, "image_id": 6, "category_id": 1, "segmentation": null, "area": 19256.0, "bbox": [809.0, 1643.0, 166.0, 116.0], "iscrowd": 0, "is_occluded": false, "attributes": {}}, {"id": 449, "image_id": 6, "category_id": 1, "segmentation": null, "area": 33512.0, "bbox": [582.0, 1656.0, 236.0, 142.0], "iscrowd": 0, "is_occluded": false, "attributes": {}}, {"id": 450, "image_id": 6, "category_id": 1, "segmentation": null, "area": 17784.0, "bbox": [1706.0, 1651.0, 156.0, 114.0], "iscrowd": 0, "is_occluded": false, "attributes": {}}, {"id": 451, "image_id": 6, "category_id": 1, "segmentation": null, "area": 111360.0, "bbox": [0.0, 1648.0, 480.0, 232.0], "iscrowd": 0, "is_occluded": false, "attributes": {}}, {"id": 452, "image_id": 6, "category_id": 1, "segmentation": null, "area": 67570.0, "bbox": [1351.0, 1653.0, 290.0, 233.0], "iscrowd": 0, "is_occluded": false, "attributes": {}}, {"id": 453, "image_id": 6, "category_id": 1, "segmentation": null, "area": 3705.0, "bbox": [1670.0, 1651.0, 65.0, 57.0], "iscrowd": 0, "is_occluded": false, "attributes": {}}, {"id": 454, "image_id": 6, "category_id": 1, "segmentation": null, "area": 8091.0, "bbox": [1583.0, 1638.0, 93.0, 87.0], "iscrowd": 0, "is_occluded": false, "attributes": {}}, {"id": 455, "image_id": 6, "category_id": 1, "segmentation": null, "area": 19050.0, "bbox": [386.0, 1667.0, 150.0, 127.0], "iscrowd": 0, "is_occluded": true, "attributes": {}}, {"id": 463, "image_id": 7, "category_id": 1, "segmentation": null, "area": 3959.0, "bbox": [3059.0, 1693.0, 107.0, 37.0], "iscrowd": 0, "is_occluded": true, "attributes": {}}, {"id": 464, "image_id": 7, "category_id": 1, "segmentation": null, "area": 3840.0, "bbox": [904.0, 1633.0, 80.0, 48.0], "iscrowd": 0, "is_occluded": false, "attributes": {}}, {"id": 465, "image_id": 7, "category_id": 1, "segmentation": null, "area": 1053.0, "bbox": [883.0, 1643.0, 27.0, 39.0], "iscrowd": 0, "is_occluded": true, "attributes": {}}, {"id": 466, "image_id": 7, "category_id": 1, "segmentation": null, "area": 1634.0, "bbox": [1028.0, 1639.0, 43.0, 38.0], "iscrowd": 0, "is_occluded": true, "attributes": {}}, {"id": 467, "image_id": 7, "category_id": 1, "segmentation": null, "area": 900.0, "bbox": [1354.0, 1656.0, 30.0, 30.0], "iscrowd": 0, "is_occluded": false, "attributes": {}}, {"id": 468, "image_id": 7, "category_id": 1, "segmentation": null, "area": 336.0, "bbox": [1332.0, 1648.0, 24.0, 14.0], "iscrowd": 0, "is_occluded": true, "attributes": {}}, {"id": 469, "image_id": 7, "category_id": 1, "segmentation": null, "area": 2565.0, "bbox": [1287.0, 1653.0, 57.0, 45.0], "iscrowd": 0, "is_occluded": false, "attributes": {}}, {"id": 470, "image_id": 7, "category_id": 1, "segmentation": null, "area": 1026.0, "bbox": [1331.0, 1652.0, 27.0, 38.0], "iscrowd": 0, "is_occluded": true, "attributes": {}}, {"id": 471, "image_id": 7, "category_id": 1, "segmentation": null, "area": 19500.0, "bbox": [1151.0, 1626.0, 150.0, 130.0], "iscrowd": 0, "is_occluded": false, "attributes": {}}, {"id": 472, "image_id": 7, "category_id": 1, "segmentation": null, "area": 10528.0, "bbox": [1053.0, 1627.0, 112.0, 94.0], "iscrowd": 0, "is_occluded": false, "attributes": {}}, {"id": 473, "image_id": 7, "category_id": 1, "segmentation": null, "area": 82368.0, "bbox": [2553.0, 1784.0, 312.0, 264.0], "iscrowd": 0, "is_occluded": false, "attributes": {}}, {"id": 474, "image_id": 7, "category_id": 1, "segmentation": null, "area": 1530.0, "bbox": [1386.0, 1658.0, 45.0, 34.0], "iscrowd": 0, "is_occluded": false, "attributes": {}}, {"id": 475, "image_id": 7, "category_id": 1, "segmentation": null, "area": 1935.0, "bbox": [3219.0, 1691.0, 45.0, 43.0], "iscrowd": 0, "is_occluded": true, "attributes": {}}, {"id": 476, "image_id": 7, "category_id": 1, "segmentation": null, "area": 24123.0, "bbox": [2988.0, 1865.0, 187.0, 129.0], "iscrowd": 0, "is_occluded": false, "attributes": {}}, {"id": 477, "image_id": 7, "category_id": 1, "segmentation": null, "area": 14110.0, "bbox": [337.0, 1607.0, 166.0, 85.0], "iscrowd": 0, "is_occluded": false, "attributes": {}}, {"id": 478, "image_id": 7, "category_id": 1, "segmentation": null, "area": 173056.0, "bbox": [0.0, 1552.0, 416.0, 416.0], "iscrowd": 0, "is_occluded": true, "attributes": {}}], "images": [{"id": 0, "width": 4160, "height": 3120, "file_name": "image_000200.jpg", "license": null, "flickr_url": null, "coco_url": null, "date_captured": null, "image": "image_000200.jpg", "dataset": "Mapillary_Vistas"}, {"id": 1, "width": 3984, "height": 2988, "file_name": "image_000500.jpg", "license": null, "flickr_url": null, "coco_url": null, "date_captured": null, "image": "image_000500.jpg", "dataset": "Mapillary_Vistas"}, {"id": 2, "width": 3840, "height": 2160, "file_name": "image_000650.jpg", "license": null, "flickr_url": null, "coco_url": null, "date_captured": null, "image": "image_000650.jpg", "dataset": "Mapillary_Vistas"}, {"id": 3, "width": 2560, "height": 1920, "file_name": "image_001300.jpg", "license": null, "flickr_url": null, "coco_url": null, "date_captured": null, "image": "image_001300.jpg", "dataset": "Mapillary_Vistas"}, {"id": 4, "width": 3264, "height": 2448, "file_name": "image_002300.jpg", "license": null, "flickr_url": null, "coco_url": null, "date_captured": null, "image": "image_002300.jpg", "dataset": "Mapillary_Vistas"}, {"id": 5, "width": 3264, "height": 2448, "file_name": "image_002400.jpg", "license": null, "flickr_url": null, "coco_url": null, "date_captured": null, "image": "image_002400.jpg", "dataset": "Mapillary_Vistas"}, {"id": 6, "width": 3264, "height": 2448, "file_name": "image_002500.jpg", "license": null, "flickr_url": null, "coco_url": null, "date_captured": null, "image": "image_002500.jpg", "dataset": "Mapillary_Vistas"}, {"id": 7, "width": 3264, "height": 2448, "file_name": "image_002600.jpg", "license": null, "flickr_url": null, "coco_url": null, "date_captured": null, "image": "image_002600.jpg", "dataset": "Mapillary_Vistas"}], "categories": [{"id": 0, "name": "bg", "supercategory": ""}, {"id": 1, "name": "vehicle", "supercategory": ""}]}