{
    "id2sign": {
        "1": "1",
        "2": "2",
        "3": "3",
        "4": "4",
        "5": "5",
        "6": "6",
        "7": "7",
        "8": "8",
        "9": "9",
        "10": "0",
        "11": "a",
        "12": "b",
        "13": "c",
        "14": "d",
        "15": "e",
        "16": "f",
        "17": "g",
        "18": "h",
        "19": "i",
        "20": "j",
        "21": "k",
        "22": "l",
        "23": "m",
        "24": "n",
        "25": "o",
        "26": "p",
        "27": "q",
        "28": "r",
        "29": "s",
        "30": "t",
        "31": "u",
        "32": "v",
        "33": "w",
        "34": "x",
        "35": "y",
        "36": "z"
    },
    "sign2id": {
        "1": 1,
        "2": 2,
        "3": 3,
        "4": 4,
        "5": 5,
        "6": 6,
        "7": 7,
        "8": 8,
        "9": 9,
        "0": 10,
        "a": 11,
        "b": 12,
        "c": 13,
        "d": 14,
        "e": 15,
        "f": 16,
        "g": 17,
        "h": 18,
        "i": 19,
        "j": 20,
        "k": 21,
        "l": 22,
        "m": 23,
        "n": 24,
        "o": 25,
        "p": 26,
        "q": 27,
        "r": 28,
        "s": 29,
        "t": 30,
        "u": 31,
        "v": 32,
        "w": 33,
        "x": 34,
        "y": 35,
        "z": 36
    }
}