[{"image_size": [246, 169], "objects": [{"label": "vehicle", "is_occluded": false, "attributes": {"type": "car", "color_bbox": [[67, 83, 86, 96]], "view": "front", "color": "red"}, "bbox": [30.21, 30.95, 215.33, 136.94]}], "dataset": "cars_100", "image": "../../../data/cars_100/images/005405_001.png"}, {"image_size": [352, 238], "objects": [{"label": "vehicle", "is_occluded": false, "attributes": {"type": "car", "color_bbox": [[62, 130, 81, 144]], "view": "side", "color": "red"}, "bbox": [28.34, 27.92, 319.08, 200.68]}], "dataset": "cars_100", "image": "../../../data/cars_100/images/005702_002.png"}, {"image_size": [294, 238], "objects": [{"label": "vehicle", "is_occluded": false, "attributes": {"type": "car", "color_bbox": [[84, 141, 103, 155]], "view": "side", "color": "white"}, "bbox": [31.19, 33.4, 264.23, 200.42]}], "dataset": "cars_100", "image": "../../../data/cars_100/images/006015_002.png"}, {"image_size": [349, 249], "objects": [{"label": "vehicle", "is_occluded": false, "attributes": {"type": "car", "color_bbox": [[66, 143, 85, 157]], "view": "side", "color": "other"}, "bbox": [29.57, 26.21, 319.55, 214.33]}], "dataset": "cars_100", "image": "../../../data/cars_100/images/006027_002.png"}, {"image_size": [374, 249], "objects": [{"label": "vehicle", "is_occluded": false, "attributes": {"type": "car", "color_bbox": [[76, 134, 95, 148]], "view": "side", "color": "yellow"}, "bbox": [24.87, 27.85, 339.67, 215.96]}], "dataset": "cars_100", "image": "../../../data/cars_100/images/007122_002.png"}, {"image_size": [247, 173], "objects": [{"label": "vehicle", "is_occluded": false, "attributes": {"type": "car", "color_bbox": [[130, 86, 146, 95]], "view": "front", "color": "red"}, "bbox": [29.06, 28.83, 217.83, 137.91]}], "dataset": "cars_100", "image": "../../../data/cars_100/images/007348_001.png"}, {"image_size": [238, 174], "objects": [{"label": "vehicle", "is_occluded": false, "attributes": {"type": "car", "color_bbox": [[63, 90, 82, 103]], "view": "front", "color": "black"}, "bbox": [25.93, 32.82, 209.68, 138.13]}], "dataset": "cars_100", "image": "../../../data/cars_100/images/007435_001.png"}, {"image_size": [349, 238], "objects": [{"label": "vehicle", "is_occluded": false, "attributes": {"type": "car", "color_bbox": [[68, 132, 88, 146]], "view": "side", "color": "blue"}, "bbox": [27.38, 31.58, 317.31, 201.2]}], "dataset": "cars_100", "image": "../../../data/cars_100/images/007836_002.png"}, {"image_size": [366, 248], "objects": [{"label": "vehicle", "is_occluded": false, "attributes": {"type": "car", "color_bbox": [[76, 137, 95, 151]], "view": "side", "color": "white"}, "bbox": [29.97, 27.74, 337.25, 213.74]}], "dataset": "cars_100", "image": "../../../data/cars_100/images/008102_002.png"}, {"image_size": [372, 248], "objects": [{"label": "vehicle", "is_occluded": false, "attributes": {"type": "car", "color_bbox": [[74, 136, 93, 149]], "view": "side", "color": "gray"}, "bbox": [27.52, 28.55, 331.81, 211.56]}], "dataset": "cars_100", "image": "../../../data/cars_100/images/008236_002.png"}, {"image_size": [264, 166], "objects": [{"label": "vehicle", "is_occluded": false, "attributes": {"type": "car", "color_bbox": [[73, 100, 85, 106]], "view": "front", "color": "yellow"}, "bbox": [29.56, 29.67, 212.49, 138.52]}], "dataset": "cars_100", "image": "../../../data/cars_100/images/008540_001.png"}, {"image_size": [245, 181], "objects": [{"label": "vehicle", "is_occluded": false, "attributes": {"type": "car", "color_bbox": [[59, 100, 78, 113]], "view": "front", "color": "gray"}, "bbox": [27.47, 30.17, 220.0, 146.67]}], "dataset": "cars_100", "image": "../../../data/cars_100/images/009395_001.png"}, {"image_size": [365, 264], "objects": [{"label": "vehicle", "is_occluded": false, "attributes": {"type": "car", "color_bbox": [[168, 139, 187, 152]], "view": "side", "color": "yellow"}, "bbox": [28.83, 31.26, 332.81, 229.26]}], "dataset": "cars_100", "image": "../../../data/cars_100/images/010187_002.png"}, {"image_size": [292, 210], "objects": [{"label": "vehicle", "is_occluded": false, "attributes": {"type": "car", "color_bbox": [[147, 109, 166, 123]], "view": "front", "color": "red"}, "bbox": [29.98, 28.32, 261.19, 178.92]}], "dataset": "cars_100", "image": "../../../data/cars_100/images/010498_002.png"}, {"image_size": [241, 180], "objects": [{"label": "vehicle", "is_occluded": false, "attributes": {"type": "mpv", "color_bbox": [[125, 91, 144, 105]], "view": "front", "color": "blue"}, "bbox": [28.16, 28.22, 210.36, 146.84]}], "dataset": "cars_100", "image": "../../../data/cars_100/images/011017_001.png"}, {"image_size": [331, 227], "objects": [{"label": "vehicle", "is_occluded": false, "attributes": {"type": "car", "color_bbox": [[184, 119, 204, 133]], "view": "front", "color": "gray"}, "bbox": [43.83, 28.62, 299.46, 188.17]}], "dataset": "cars_100", "image": "../../../data/cars_100/images/011088_002.png"}, {"image_size": [232, 175], "objects": [{"label": "vehicle", "is_occluded": false, "attributes": {"type": "car", "color_bbox": [[72, 88, 92, 101]], "view": "front", "color": "other"}, "bbox": [27.96, 32.43, 203.36, 139.89]}], "dataset": "cars_100", "image": "../../../data/cars_100/images/011440_001.png"}, {"image_size": [242, 165], "objects": [{"label": "vehicle", "is_occluded": false, "attributes": {"type": "car", "color_bbox": [[128, 71, 148, 85]], "view": "front", "color": "black"}, "bbox": [30.03, 8.5, 209.33, 122.12]}], "dataset": "cars_100", "image": "../../../data/cars_100/images/011532_001.png"}, {"image_size": [239, 183], "objects": [{"label": "vehicle", "is_occluded": false, "attributes": {"type": "car", "color_bbox": [[137, 94, 156, 108]], "view": "front", "color": "white"}, "bbox": [29.64, 32.71, 211.45, 146.68]}], "dataset": "cars_100", "image": "../../../data/cars_100/images/011823_001.png"}, {"image_size": [253, 177], "objects": [{"label": "vehicle", "is_occluded": false, "attributes": {"type": "car", "color_bbox": [[132, 87, 145, 97]], "view": "front", "color": "yellow"}, "bbox": [27.75, 28.34, 217.95, 142.65]}], "dataset": "cars_100", "image": "../../../data/cars_100/images/011897_001.png"}, {"image_size": [340, 250], "objects": [{"label": "vehicle", "is_occluded": false, "attributes": {"type": "car", "color_bbox": [[170, 59, 190, 72]], "view": "front", "color": "white"}, "bbox": [29.69, 31.8, 306.03, 212.45]}], "dataset": "cars_100", "image": "../../../data/cars_100/images/012036_002.png"}, {"image_size": [231, 173], "objects": [{"label": "vehicle", "is_occluded": false, "attributes": {"type": "car", "color_bbox": [[75, 85, 95, 98]], "view": "front", "color": "blue"}, "bbox": [26.77, 30.73, 200.34, 141.51]}], "dataset": "cars_100", "image": "../../../data/cars_100/images/012128_001.png"}, {"image_size": [315, 228], "objects": [{"label": "vehicle", "is_occluded": false, "attributes": {"type": "car", "color_bbox": [[154, 121, 173, 134]], "view": "front", "color": "gray"}, "bbox": [28.3, 30.5, 283.05, 192.0]}], "dataset": "cars_100", "image": "../../../data/cars_100/images/012140_002.png"}, {"image_size": [235, 180], "objects": [{"label": "vehicle", "is_occluded": false, "attributes": {"type": "car", "color_bbox": [[123, 92, 142, 105]], "view": "front", "color": "black"}, "bbox": [27.93, 29.8, 204.59, 145.07]}], "dataset": "cars_100", "image": "../../../data/cars_100/images/012228_001.png"}, {"image_size": [332, 231], "objects": [{"label": "vehicle", "is_occluded": false, "attributes": {"type": "car", "color_bbox": [[101, 118, 120, 132], [239, 83, 258, 96]], "view": "front", "color": "other"}, "bbox": [29.28, 28.62, 304.1, 197.06]}], "dataset": "cars_100", "image": "../../../data/cars_100/images/012385_002.png"}, {"image_size": [237, 179], "objects": [{"label": "vehicle", "is_occluded": false, "attributes": {"type": "car", "color_bbox": [[130, 88, 149, 102]], "view": "front", "color": "red"}, "bbox": [27.46, 29.83, 207.66, 144.46]}], "dataset": "cars_100", "image": "../../../data/cars_100/images/012526_001.png"}, {"image_size": [222, 175], "objects": [{"label": "vehicle", "is_occluded": false, "attributes": {"type": "car", "color_bbox": [[148, 79, 163, 89]], "view": "front", "color": "white"}, "bbox": [30.26, 30.13, 194.52, 142.96]}], "dataset": "cars_100", "image": "../../../data/cars_100/images/012577_001.png"}, {"image_size": [342, 251], "objects": [{"label": "vehicle", "is_occluded": false, "attributes": {"type": "mpv", "color_bbox": [[247, 99, 267, 112]], "view": "front", "color": "white"}, "bbox": [38.94, 29.72, 312.82, 208.62]}], "dataset": "cars_100", "image": "../../../data/cars_100/images/012636_002.png"}, {"image_size": [330, 242], "objects": [{"label": "vehicle", "is_occluded": false, "attributes": {"type": "car", "color_bbox": [[109, 137, 128, 150]], "view": "front", "color": "gray"}, "bbox": [28.92, 27.86, 305.45, 205.91]}], "dataset": "cars_100", "image": "../../../data/cars_100/images/012792_002.png"}, {"image_size": [206, 165], "objects": [{"label": "vehicle", "is_occluded": false, "attributes": {"type": "car", "color_bbox": [[100, 34, 120, 48]], "view": "front", "color": "gray"}, "bbox": [25.96, 28.04, 180.29, 130.81]}], "dataset": "cars_100", "image": "../../../data/cars_100/images/012970_001.png"}, {"image_size": [287, 256], "objects": [{"label": "vehicle", "is_occluded": false, "attributes": {"type": "mpv", "color_bbox": [[213, 84, 233, 97]], "view": "front", "color": "white"}, "bbox": [25.66, 30.04, 264.0, 220.91]}], "dataset": "cars_100", "image": "../../../data/cars_100/images/013743_002.png"}, {"image_size": [215, 163], "objects": [{"label": "vehicle", "is_occluded": false, "attributes": {"type": "car", "color_bbox": [[74, 86, 94, 100]], "view": "front", "color": "blue"}, "bbox": [31.76, 28.42, 185.47, 133.51]}], "dataset": "cars_100", "image": "../../../data/cars_100/images/013755_001.png"}, {"image_size": [278, 227], "objects": [{"label": "vehicle", "is_occluded": false, "attributes": {"type": "car", "color_bbox": [[62, 130, 81, 144]], "view": "front", "color": "red"}, "bbox": [29.02, 26.88, 248.58, 192.65]}], "dataset": "cars_100", "image": "../../../data/cars_100/images/013771_002.png"}, {"image_size": [320, 249], "objects": [{"label": "vehicle", "is_occluded": false, "attributes": {"type": "car", "color_bbox": [[159, 62, 178, 76]], "view": "front", "color": "yellow"}, "bbox": [31.18, 28.67, 292.77, 217.33]}], "dataset": "cars_100", "image": "../../../data/cars_100/images/013897_002.png"}, {"image_size": [287, 237], "objects": [{"label": "vehicle", "is_occluded": false, "attributes": {"type": "mpv", "color_bbox": [[64, 145, 83, 159]], "view": "front", "color": "red"}, "bbox": [30.25, 27.29, 260.75, 207.38]}], "dataset": "cars_100", "image": "../../../data/cars_100/images/013952_002.png"}, {"image_size": [311, 239], "objects": [{"label": "vehicle", "is_occluded": false, "attributes": {"type": "mpv", "color_bbox": [[157, 64, 176, 78]], "view": "front", "color": "gray"}, "bbox": [30.82, 29.09, 285.81, 218.56]}], "dataset": "cars_100", "image": "../../../data/cars_100/images/013955_002.png"}, {"image_size": [190, 172], "objects": [{"label": "vehicle", "is_occluded": false, "attributes": {"type": "car", "color_bbox": [[53, 93, 72, 107]], "view": "front", "color": "blue"}, "bbox": [28.08, 29.8, 175.21, 140.13]}], "dataset": "cars_100", "image": "../../../data/cars_100/images/014247_001.png"}, {"image_size": [328, 249], "objects": [{"label": "vehicle", "is_occluded": false, "attributes": {"type": "car", "color_bbox": [[97, 139, 116, 152]], "view": "front", "color": "white"}, "bbox": [34.1, 29.76, 298.94, 213.51]}], "dataset": "cars_100", "image": "../../../data/cars_100/images/014263_002.png"}, {"image_size": [293, 247], "objects": [{"label": "vehicle", "is_occluded": false, "attributes": {"type": "mpv", "color_bbox": [[70, 148, 90, 161]], "view": "front", "color": "red"}, "bbox": [30.36, 28.44, 266.01, 215.58]}], "dataset": "cars_100", "image": "../../../data/cars_100/images/014428_002.png"}, {"image_size": [268, 225], "objects": [{"label": "vehicle", "is_occluded": false, "attributes": {"type": "car", "color_bbox": [[142, 68, 158, 78]], "view": "front", "color": "white"}, "bbox": [30.42, 32.32, 239.9, 191.69]}], "dataset": "cars_100", "image": "../../../data/cars_100/images/014438_002.png"}, {"image_size": [188, 170], "objects": [{"label": "vehicle", "is_occluded": false, "attributes": {"type": "car", "color_bbox": [[53, 90, 72, 104]], "view": "front", "color": "gray"}, "bbox": [26.0, 29.64, 171.21, 138.13]}], "dataset": "cars_100", "image": "../../../data/cars_100/images/014510_001.png"}, {"image_size": [284, 227], "objects": [{"label": "vehicle", "is_occluded": false, "attributes": {"type": "other", "color_bbox": [[61, 131, 80, 144]], "view": "front", "color": "blue"}, "bbox": [31.54, 30.62, 254.31, 193.9]}], "dataset": "cars_100", "image": "../../../data/cars_100/images/014512_002.png"}, {"image_size": [284, 230], "objects": [{"label": "vehicle", "is_occluded": false, "attributes": {"type": "car", "color_bbox": [[67, 132, 86, 145]], "view": "front", "color": "blue"}, "bbox": [30.57, 30.77, 255.04, 194.44]}], "dataset": "cars_100", "image": "../../../data/cars_100/images/014514_002.png"}, {"image_size": [215, 169], "objects": [{"label": "vehicle", "is_occluded": false, "attributes": {"type": "car", "color_bbox": [[65, 85, 84, 99]], "view": "front", "color": "gray"}, "bbox": [30.82, 28.72, 188.53, 138.24]}], "dataset": "cars_100", "image": "../../../data/cars_100/images/014566_001.png"}, {"image_size": [212, 191], "objects": [{"label": "vehicle", "is_occluded": false, "attributes": {"type": "mpv", "color_bbox": [[112, 45, 131, 59]], "view": "front", "color": "gray"}, "bbox": [30.22, 30.37, 183.34, 158.12]}], "dataset": "cars_100", "image": "../../../data/cars_100/images/014722_001.png"}, {"image_size": [202, 177], "objects": [{"label": "vehicle", "is_occluded": false, "attributes": {"type": "mpv", "color_bbox": [[53, 96, 72, 110]], "view": "front", "color": "red"}, "bbox": [31.17, 30.28, 172.65, 142.65]}], "dataset": "cars_100", "image": "../../../data/cars_100/images/014862_001.png"}, {"image_size": [311, 239], "objects": [{"label": "vehicle", "is_occluded": false, "attributes": {"type": "car", "color_bbox": [[76, 136, 96, 150]], "view": "front", "color": "white"}, "bbox": [27.15, 28.3, 286.59, 205.46]}], "dataset": "cars_100", "image": "../../../data/cars_100/images/015146_002.png"}, {"image_size": [302, 226], "objects": [{"label": "vehicle", "is_occluded": false, "attributes": {"type": "car", "color_bbox": [[74, 134, 93, 147]], "view": "front", "color": "white"}, "bbox": [32.34, 31.22, 274.97, 204.69]}], "dataset": "cars_100", "image": "../../../data/cars_100/images/015153_002.png"}, {"image_size": [188, 172], "objects": [{"label": "vehicle", "is_occluded": false, "attributes": {"type": "car", "color_bbox": [[46, 91, 66, 105]], "view": "front", "color": "other"}, "bbox": [27.46, 29.23, 176.28, 139.37]}], "dataset": "cars_100", "image": "../../../data/cars_100/images/015287_001.png"}, {"image_size": [293, 220], "objects": [{"label": "vehicle", "is_occluded": false, "attributes": {"type": "car", "color_bbox": [[86, 137, 105, 150]], "view": "front", "color": "gray"}, "bbox": [30.27, 28.47, 272.23, 203.6]}], "dataset": "cars_100", "image": "../../../data/cars_100/images/015476_002.png"}, {"image_size": [302, 251], "objects": [{"label": "vehicle", "is_occluded": false, "attributes": {"type": "mpv", "color_bbox": [[155, 70, 174, 84]], "view": "front", "color": "white"}, "bbox": [32.42, 32.48, 273.27, 222.38]}], "dataset": "cars_100", "image": "../../../data/cars_100/images/015498_002.png"}, {"image_size": [266, 241], "objects": [{"label": "vehicle", "is_occluded": false, "attributes": {"type": "car", "color_bbox": [[57, 145, 76, 158]], "view": "front", "color": "yellow"}, "bbox": [27.88, 31.97, 237.43, 207.18]}], "dataset": "cars_100", "image": "../../../data/cars_100/images/015602_002.png"}, {"image_size": [244, 210], "objects": [{"label": "vehicle", "is_occluded": false, "attributes": {"type": "van", "color_bbox": [[47, 118, 66, 131]], "view": "front", "color": "white"}, "bbox": [31.55, 32.47, 214.4, 178.22]}], "dataset": "cars_100", "image": "../../../data/cars_100/images/015605_001.png"}, {"image_size": [290, 218], "objects": [{"label": "vehicle", "is_occluded": false, "attributes": {"type": "car", "color_bbox": [[73, 130, 92, 143]], "view": "front", "color": "blue"}, "bbox": [32.22, 32.27, 260.26, 187.64]}], "dataset": "cars_100", "image": "../../../data/cars_100/images/015616_002.png"}, {"image_size": [287, 227], "objects": [{"label": "vehicle", "is_occluded": false, "attributes": {"type": "car", "color_bbox": [[69, 129, 88, 142]], "view": "front", "color": "blue"}, "bbox": [29.05, 30.37, 257.82, 197.38]}], "dataset": "cars_100", "image": "../../../data/cars_100/images/015711_002.png"}, {"image_size": [311, 240], "objects": [{"label": "vehicle", "is_occluded": false, "attributes": {"type": "car", "color_bbox": [[70, 137, 89, 150]], "view": "front", "color": "gray"}, "bbox": [31.87, 29.74, 282.92, 202.9]}], "dataset": "cars_100", "image": "../../../data/cars_100/images/016471_002.png"}, {"image_size": [201, 171], "objects": [{"label": "vehicle", "is_occluded": false, "attributes": {"type": "car", "color_bbox": [[50, 90, 69, 103]], "view": "front", "color": "gray"}, "bbox": [29.29, 28.69, 180.23, 138.0]}], "dataset": "cars_100", "image": "../../../data/cars_100/images/016477_001.png"}, {"image_size": [304, 229], "objects": [{"label": "vehicle", "is_occluded": false, "attributes": {"type": "car", "color_bbox": [[80, 134, 99, 148]], "view": "front", "color": "gray"}, "bbox": [25.99, 28.37, 278.12, 196.61]}], "dataset": "cars_100", "image": "../../../data/cars_100/images/016479_002.png"}, {"image_size": [206, 180], "objects": [{"label": "vehicle", "is_occluded": false, "attributes": {"type": "suv", "color_bbox": [[63, 96, 82, 110]], "view": "front", "color": "red"}, "bbox": [30.02, 28.82, 177.85, 145.46]}], "dataset": "cars_100", "image": "../../../data/cars_100/images/016631_001.png"}, {"image_size": [299, 252], "objects": [{"label": "vehicle", "is_occluded": false, "attributes": {"type": "mpv", "color_bbox": [[79, 151, 98, 165]], "view": "front", "color": "yellow"}, "bbox": [31.83, 29.29, 267.56, 216.63]}], "dataset": "cars_100", "image": "../../../data/cars_100/images/016713_002.png"}, {"image_size": [293, 232], "objects": [{"label": "vehicle", "is_occluded": false, "attributes": {"type": "car", "color_bbox": [[71, 136, 91, 149]], "view": "front", "color": "blue"}, "bbox": [29.28, 28.24, 264.84, 203.0]}], "dataset": "cars_100", "image": "../../../data/cars_100/images/017246_002.png"}, {"image_size": [316, 248], "objects": [{"label": "vehicle", "is_occluded": false, "attributes": {"type": "car", "color_bbox": [[69, 149, 89, 163]], "view": "front", "color": "gray"}, "bbox": [38.12, 29.37, 290.5, 212.65]}], "dataset": "cars_100", "image": "../../../data/cars_100/images/017247_002.png"}, {"image_size": [314, 279], "objects": [{"label": "vehicle", "is_occluded": false, "attributes": {"type": "mpv", "color_bbox": [[68, 169, 87, 182]], "view": "front", "color": "white"}, "bbox": [28.57, 32.12, 284.32, 242.6]}], "dataset": "cars_100", "image": "../../../data/cars_100/images/017378_002.png"}, {"image_size": [255, 215], "objects": [{"label": "vehicle", "is_occluded": false, "attributes": {"type": "mpv", "color_bbox": [[63, 119, 83, 132]], "view": "front", "color": "white"}, "bbox": [29.0, 29.7, 227.75, 178.93]}], "dataset": "cars_100", "image": "../../../data/cars_100/images/017400_001.png"}, {"image_size": [255, 206], "objects": [{"label": "vehicle", "is_occluded": false, "attributes": {"type": "car", "color_bbox": [[64, 111, 83, 125]], "view": "front", "color": "white"}, "bbox": [28.14, 30.04, 226.26, 170.76]}], "dataset": "cars_100", "image": "../../../data/cars_100/images/017645_001.png"}, {"image_size": [197, 168], "objects": [{"label": "vehicle", "is_occluded": false, "attributes": {"type": "car", "color_bbox": [[60, 89, 79, 102]], "view": "front", "color": "blue"}, "bbox": [30.01, 29.84, 170.21, 135.03]}], "dataset": "cars_100", "image": "../../../data/cars_100/images/018317_000.png"}, {"image_size": [259, 195], "objects": [{"label": "vehicle", "is_occluded": false, "attributes": {"type": "car", "color_bbox": [[72, 102, 92, 116]], "view": "front", "color": "gray"}, "bbox": [27.75, 26.3, 233.68, 159.72]}], "dataset": "cars_100", "image": "../../../data/cars_100/images/018351_001.png"}, {"image_size": [243, 201], "objects": [{"label": "vehicle", "is_occluded": false, "attributes": {"type": "car", "color_bbox": [[62, 111, 82, 124]], "view": "front", "color": "gray"}, "bbox": [27.22, 27.33, 222.71, 167.3]}], "dataset": "cars_100", "image": "../../../data/cars_100/images/018487_001.png"}, {"image_size": [230, 194], "objects": [{"label": "vehicle", "is_occluded": false, "attributes": {"type": "car", "color_bbox": [[56, 101, 76, 115]], "view": "front", "color": "green"}, "bbox": [29.1, 28.72, 201.0, 162.09]}], "dataset": "cars_100", "image": "../../../data/cars_100/images/018520_001.png"}, {"image_size": [190, 157], "objects": [{"label": "vehicle", "is_occluded": false, "attributes": {"type": "car", "color_bbox": [[75, 36, 95, 50]], "view": "front", "color": "red"}, "bbox": [29.61, 29.95, 159.94, 131.35]}], "dataset": "cars_100", "image": "../../../data/cars_100/images/020091_012.png"}]
