{
  "type": "instances",
  "images": [
    {
      "file_name": "images/1.jpg",
      "height": 647,
      "width": 718,
      "id": 0
    },
    {
      "file_name": "images/2.jpg",
      "height": 638,
      "width": 638,
      "id": 1
    },
    {
      "file_name": "images/3.jpg",
      "height": 703,
      "width": 701,
      "id": 2
    },
    {
      "file_name": "images/4.jpg",
      "height": 703,
      "width": 701,
      "id": 3
    },
    {
      "file_name": "images/5.jpg",
      "height": 703,
      "width": 701,
      "id": 4
    },
    {
      "file_name": "images/6.jpg",
      "height": 703,
      "width": 701,
      "id": 5
    },
    {
      "file_name": "images/7.jpg",
      "height": 703,
      "width": 701,
      "id": 6
    },
    {
      "file_name": "images/8.jpg",
      "height": 703,
      "width": 701,
      "id": 7
    },
    {
      "file_name": "images/10.jpg",
      "height": 703,
      "width": 701,
      "id": 8
    },
    {
      "file_name": "images/11.jpg",
      "height": 703,
      "width": 701,
      "id": 9
    },
    {
      "file_name": "images/12.jpg",
      "height": 703,
      "width": 709,
      "id": 10
    },
    {
      "file_name": "images/13.jpg",
      "height": 703,
      "width": 709,
      "id": 11
    },
    {
      "file_name": "images/14.jpg",
      "height": 703,
      "width": 709,
      "id": 12
    },
    {
      "file_name": "images/15.jpg",
      "height": 703,
      "width": 709,
      "id": 13
    },
    {
      "file_name": "images/16.jpg",
      "height": 703,
      "width": 709,
      "id": 14
    },
    {
      "file_name": "images/9.jpg",
      "height": 703,
      "width": 701,
      "id": 15
    }
  ],
  "categories": [
    {
      "supercategory": "none",
      "name": "text",
      "id": 1
    }
  ],
  "annotations": [
    {
      "bbox": [
        0,
        246,
        262,
        175
      ],
      "segmentation": [
        [
          0,
          316,
          224,
          246,
          261,
          352,
          39,
          420
        ]
      ],
      "text": {
        "transcription": "sunny",
        "legible": 1,
        "language": "english"
      },
      "ignore": 0,
      "id": 0,
      "image_id": 0,
      "area": 45850,
      "iscrowd": 0,
      "category_id": 1
    },
    {
      "bbox": [
        75,
        11,
        183,
        38
      ],
      "segmentation": [
        [
          76,
          11,
          257,
          13,
          255,
          48,
          75,
          44
        ]
      ],
      "text": {
        "transcription": "Consequently",
        "legible": 1,
        "language": "english"
      },
      "ignore": 0,
      "id": 1,
      "image_id": 0,
      "area": 6954,
      "iscrowd": 0,
      "category_id": 1
    },
    {
      "bbox": [
        517,
        44,
        194,
        112
      ],
      "segmentation": [
        [
          517,
          66,
          710,
          44,
          708,
          135,
          522,
          155
        ]
      ],
      "text": {
        "transcription": "HELLO",
        "legible": 1,
        "language": "english"
      },
      "ignore": 0,
      "id": 2,
      "image_id": 0,
      "area": 21728,
      "iscrowd": 0,
      "category_id": 1
    },
    {
      "bbox": [
        362,
        467,
        235,
        51
      ],
      "segmentation": [
        [
          362,
          467,
          596,
          468,
          595,
          514,
          362,
          517
        ]
      ],
      "text": {
        "transcription": "emotio",
        "legible": 1,
        "language": "english"
      },
      "ignore": 0,
      "id": 3,
      "image_id": 0,
      "area": 11985,
      "iscrowd": 0,
      "category_id": 1
    },
    {
      "bbox": [
        291,
        405,
        63,
        25
      ],
      "segmentation": [
        [
          291,
          406,
          353,
          405,
          349,
          428,
          291,
          429
        ]
      ],
      "text": {
        "transcription": "World",
        "legible": 1,
        "language": "english"
      },
      "ignore": 0,
      "id": 4,
      "image_id": 0,
      "area": 1575,
      "iscrowd": 0,
      "category_id": 1
    },
    {
      "bbox": [
        531,
        38,
        84,
        23
      ],
      "segmentation": [
        [
          531,
          38,
          614,
          38,
          614,
          60,
          531,
          60
        ]
      ],
      "text": {
        "transcription": "Ridiciolus",
        "legible": 1,
        "language": "english"
      },
      "ignore": 0,
      "id": 5,
      "image_id": 1,
      "area": 1932,
      "iscrowd": 0,
      "category_id": 1
    },
    {
      "bbox": [
        430,
        35,
        73,
        41
      ],
      "segmentation": [
        [
          430,
          35,
          502,
          35,
          502,
          75,
          430,
          75
        ]
      ],
      "text": {
        "transcription": "This",
        "legible": 1,
        "language": "english"
      },
      "ignore": 0,
      "id": 6,
      "image_id": 1,
      "area": 2993,
      "iscrowd": 0,
      "category_id": 1
    },
    {
      "bbox": [
        219,
        16,
        86,
        83
      ],
      "segmentation": [
        [
          219,
          16,
          304,
          16,
          304,
          98,
          219,
          98
        ]
      ],
      "text": {
        "transcription": "AT",
        "legible": 1,
        "language": "english"
      },
      "ignore": 0,
      "id": 7,
      "image_id": 1,
      "area": 7138,
      "iscrowd": 0,
      "category_id": 1
    },
    {
      "bbox": [
        442,
        562,
        65,
        23
      ],
      "segmentation": [
        [
          442,
          562,
          506,
          562,
          506,
          584,
          442,
          584
        ]
      ],
      "text": {
        "transcription": "RRRRR",
        "legible": 1,
        "language": "english"
      },
      "ignore": 0,
      "id": 8,
      "image_id": 1,
      "area": 1495,
      "iscrowd": 0,
      "category_id": 1
    },
    {
      "bbox": [
        529,
        481,
        93,
        29
      ],
      "segmentation": [
        [
          529,
          481,
          621,
          481,
          621,
          509,
          529,
          509
        ]
      ],
      "text": {
        "transcription": "Somebody",
        "legible": 1,
        "language": "english"
      },
      "ignore": 0,
      "id": 9,
      "image_id": 1,
      "area": 2697,
      "iscrowd": 0,
      "category_id": 1
    },
    {
      "bbox": [
        431,
        451,
        56,
        42
      ],
      "segmentation": [
        [
          431,
          451,
          486,
          451,
          486,
          492,
          431,
          492
        ]
      ],
      "text": {
        "transcription": "All",
        "legible": 1,
        "language": "english"
      },
      "ignore": 0,
      "id": 10,
      "image_id": 1,
      "area": 2352,
      "iscrowd": 0,
      "category_id": 1
    },
    {
      "bbox": [
        201,
        437,
        107,
        78
      ],
      "segmentation": [
        [
          201,
          437,
          307,
          437,
          307,
          514,
          201,
          514
        ]
      ],
      "text": {
        "transcription": "CAT",
        "legible": 1,
        "language": "english"
      },
      "ignore": 0,
      "id": 11,
      "image_id": 1,
      "area": 8346,
      "iscrowd": 0,
      "category_id": 1
    },
    {
      "bbox": [
        111,
        430,
        61,
        26
      ],
      "segmentation": [
        [
          111,
          430,
          171,
          430,
          171,
          455,
          111,
          455
        ]
      ],
      "text": {
        "transcription": "Better",
        "legible": 1,
        "language": "english"
      },
      "ignore": 0,
      "id": 12,
      "image_id": 1,
      "area": 1586,
      "iscrowd": 0,
      "category_id": 1
    },
    {
      "bbox": [
        426,
        326,
        77,
        80
      ],
      "segmentation": [
        [
          426,
          326,
          502,
          326,
          502,
          405,
          426,
          405
        ]
      ],
      "text": {
        "transcription": "SO",
        "legible": 1,
        "language": "english"
      },
      "ignore": 0,
      "id": 13,
      "image_id": 1,
      "area": 6160,
      "iscrowd": 0,
      "category_id": 1
    },
    {
      "bbox": [
        231,
        348,
        39,
        21
      ],
      "segmentation": [
        [
          231,
          348,
          269,
          348,
          269,
          368,
          231,
          368
        ]
      ],
      "text": {
        "transcription": "loss",
        "legible": 1,
        "language": "english"
      },
      "ignore": 0,
      "id": 14,
      "image_id": 1,
      "area": 819,
      "iscrowd": 0,
      "category_id": 1
    },
    {
      "bbox": [
        8,
        331,
        88,
        82
      ],
      "segmentation": [
        [
          8,
          331,
          95,
          331,
          95,
          412,
          8,
          412
        ]
      ],
      "text": {
        "transcription": "OTE",
        "legible": 1,
        "language": "english"
      },
      "ignore": 0,
      "id": 15,
      "image_id": 1,
      "area": 7216,
      "iscrowd": 0,
      "category_id": 1
    },
    {
      "bbox": [
        433,
        233,
        70,
        74
      ],
      "segmentation": [
        [
          433,
          233,
          502,
          233,
          502,
          306,
          433,
          306
        ]
      ],
      "text": {
        "transcription": "2",
        "legible": 1,
        "language": "english"
      },
      "ignore": 0,
      "id": 16,
      "image_id": 1,
      "area": 5180,
      "iscrowd": 0,
      "category_id": 1
    },
    {
      "bbox": [
        217,
        222,
        78,
        84
      ],
      "segmentation": [
        [
          217,
          222,
          294,
          222,
          294,
          305,
          217,
          305
        ]
      ],
      "text": {
        "transcription": "Hi",
        "legible": 1,
        "language": "english"
      },
      "ignore": 0,
      "id": 17,
      "image_id": 1,
      "area": 6552,
      "iscrowd": 0,
      "category_id": 1
    },
    {
      "bbox": [
        109,
        237,
        83,
        30
      ],
      "segmentation": [
        [
          109,
          237,
          191,
          237,
          191,
          266,
          109,
          266
        ]
      ],
      "text": {
        "transcription": "Tower",
        "legible": 1,
        "language": "english"
      },
      "ignore": 0,
      "id": 18,
      "image_id": 1,
      "area": 2490,
      "iscrowd": 0,
      "category_id": 1
    },
    {
      "bbox": [
        325,
        126,
        80,
        75
      ],
      "segmentation": [
        [
          325,
          126,
          404,
          126,
          404,
          200,
          325,
          200
        ]
      ],
      "text": {
        "transcription": "BA",
        "legible": 1,
        "language": "english"
      },
      "ignore": 0,
      "id": 19,
      "image_id": 1,
      "area": 6000,
      "iscrowd": 0,
      "category_id": 1
    },
    {
      "bbox": [
        11,
        119,
        87,
        78
      ],
      "segmentation": [
        [
          11,
          119,
          97,
          119,
          97,
          196,
          11,
          196
        ]
      ],
      "text": {
        "transcription": "OK",
        "legible": 1,
        "language": "english"
      },
      "ignore": 0,
      "id": 20,
      "image_id": 1,
      "area": 6786,
      "iscrowd": 0,
      "category_id": 1
    },
    {
      "bbox": [
        331,
        632,
        40,
        24
      ],
      "segmentation": [
        [
          331,
          632,
          370,
          632,
          370,
          655,
          331,
          655
        ]
      ],
      "text": {
        "transcription": "day",
        "legible": 1,
        "language": "english"
      },
      "ignore": 0,
      "id": 21,
      "image_id": 2,
      "area": 960,
      "iscrowd": 0,
      "category_id": 1
    },
    {
      "bbox": [
        286,
        512,
        52,
        33
      ],
      "segmentation": [
        [
          286,
          512,
          337,
          512,
          337,
          544,
          286,
          544
        ]
      ],
      "text": {
        "transcription": "fun",
        "legible": 1,
        "language": "english"
      },
      "ignore": 0,
      "id": 22,
      "image_id": 2,
      "area": 1716,
      "iscrowd": 0,
      "category_id": 1
    },
    {
      "bbox": [
        207,
        511,
        61,
        36
      ],
      "segmentation": [
        [
          207,
          511,
          267,
          511,
          267,
          546,
          207,
          546
        ]
      ],
      "text": {
        "transcription": "Fave",
        "legible": 1,
        "language": "english"
      },
      "ignore": 0,
      "id": 23,
      "image_id": 2,
      "area": 2196,
      "iscrowd": 0,
      "category_id": 1
    },
    {
      "bbox": [
        530,
        280,
        109,
        36
      ],
      "segmentation": [
        [
          530,
          280,
          638,
          280,
          638,
          315,
          530,
          315
        ]
      ],
      "text": {
        "transcription": "Business",
        "legible": 1,
        "language": "english"
      },
      "ignore": 0,
      "id": 24,
      "image_id": 2,
      "area": 3924,
      "iscrowd": 0,
      "category_id": 1
    },
    {
      "bbox": [
        402,
        340,
        69,
        30
      ],
      "segmentation": [
        [
          402,
          340,
          470,
          340,
          470,
          369,
          402,
          369
        ]
      ],
      "text": {
        "transcription": "MASK",
        "legible": 1,
        "language": "english"
      },
      "ignore": 0,
      "id": 25,
      "image_id": 2,
      "area": 2070,
      "iscrowd": 0,
      "category_id": 1
    },
    {
      "bbox": [
        57,
        194,
        122,
        38
      ],
      "segmentation": [
        [
          57,
          194,
          178,
          194,
          178,
          231,
          57,
          231
        ]
      ],
      "text": {
        "transcription": "Silence",
        "legible": 1,
        "language": "english"
      },
      "ignore": 0,
      "id": 26,
      "image_id": 2,
      "area": 4636,
      "iscrowd": 0,
      "category_id": 1
    },
    {
      "bbox": [
        113,
        13,
        80,
        27
      ],
      "segmentation": [
        [
          113,
          13,
          192,
          13,
          192,
          39,
          113,
          39
        ]
      ],
      "text": {
        "transcription": "R-CNN",
        "legible": 1,
        "language": "english"
      },
      "ignore": 0,
      "id": 27,
      "image_id": 2,
      "area": 2160,
      "iscrowd": 0,
      "category_id": 1
    },
    {
      "bbox": [
        26,
        13,
        72,
        28
      ],
      "segmentation": [
        [
          26,
          13,
          97,
          13,
          97,
          40,
          26,
          40
        ]
      ],
      "text": {
        "transcription": "Faster",
        "legible": 1,
        "language": "english"
      },
      "ignore": 0,
      "id": 28,
      "image_id": 2,
      "area": 2016,
      "iscrowd": 0,
      "category_id": 1
    },
    {
      "bbox": [
        335,
        20,
        295,
        103
      ],
      "segmentation": [
        [
          335,
          44,
          450,
          20,
          620,
          63,
          630,
          123,
          450,
          80,
          360,
          93
        ]
      ],
      "text": {
        "transcription": "BUILDING",
        "legible": 1,
        "language": "english"
      },
      "ignore": 0,
      "id": 29,
      "image_id": 2,
      "area": 2016,
      "iscrowd": 0,
      "category_id": 1
    },
    {
      "bbox": [
        235,
        135,
        63,
        55
      ],
      "segmentation": [
        [
          235,
          147,
          292,
          135,
          297,
          176,
          241,
          189
        ]
      ],
      "text": {
        "transcription": "SAY",
        "legible": 1,
        "language": "english"
      },
      "ignore": 0,
      "id": 30,
      "image_id": 2,
      "area": 3465,
      "iscrowd": 0,
      "category_id": 1
    },
    {
      "bbox": [
        79,
        354,
        291,
        102
      ],
      "segmentation": [
        [
          79,
          357,
          362,
          354,
          369,
          448,
          83,
          455
        ]
      ],
      "text": {
        "transcription": "THUND",
        "legible": 1,
        "language": "english"
      },
      "ignore": 0,
      "id": 31,
      "image_id": 2,
      "area": 29682,
      "iscrowd": 0,
      "category_id": 1
    },
    {
      "bbox": [
        354,
        485,
        127,
        33
      ],
      "segmentation": [
        [
          354,
          485,
          480,
          485,
          480,
          517,
          354,
          517
        ]
      ],
      "text": {
        "transcription": "California",
        "legible": 1,
        "language": "english"
      },
      "ignore": 0,
      "id": 32,
      "image_id": 2,
      "area": 4191,
      "iscrowd": 0,
      "category_id": 1
    },
    {
      "bbox": [
        548,
        500,
        142,
        27
      ],
      "segmentation": [
        [
          548,
          500,
          689,
          500,
          689,
          526,
          548,
          526
        ]
      ],
      "text": {
        "transcription": "Calendar",
        "legible": 1,
        "language": "english"
      },
      "ignore": 0,
      "id": 33,
      "image_id": 2,
      "area": 3834,
      "iscrowd": 0,
      "category_id": 1
    },
    {
      "bbox": [
        241,
        627,
        78,
        29
      ],
      "segmentation": [
        [
          241,
          627,
          318,
          627,
          318,
          655,
          241,
          655
        ]
      ],
      "text": {
        "transcription": "SUNNY",
        "legible": 1,
        "language": "english"
      },
      "ignore": 0,
      "id": 34,
      "image_id": 2,
      "area": 2262,
      "iscrowd": 0,
      "category_id": 1
    },
    {
      "bbox": [
        407,
        526,
        199,
        108
      ],
      "segmentation": [
        [
          407,
          526,
          605,
          526,
          605,
          633,
          407,
          633
        ]
      ],
      "text": {
        "transcription": "ALL",
        "legible": 1,
        "language": "english"
      },
      "ignore": 0,
      "id": 35,
      "image_id": 3,
      "area": 21492,
      "iscrowd": 0,
      "category_id": 1
    },
    {
      "bbox": [
        517,
        39,
        106,
        39
      ],
      "segmentation": [
        [
          517,
          39,
          622,
          39,
          622,
          77,
          517,
          77
        ]
      ],
      "text": {
        "transcription": "Planet",
        "legible": 1,
        "language": "english"
      },
      "ignore": 0,
      "id": 36,
      "image_id": 3,
      "area": 4134,
      "iscrowd": 0,
      "category_id": 1
    },
    {
      "bbox": [
        45,
        98,
        115,
        40
      ],
      "segmentation": [
        [
          45,
          98,
          159,
          98,
          159,
          137,
          45,
          137
        ]
      ],
      "text": {
        "transcription": "Terrific",
        "legible": 1,
        "language": "english"
      },
      "ignore": 0,
      "id": 37,
      "image_id": 3,
      "area": 4600,
      "iscrowd": 0,
      "category_id": 1
    },
    {
      "bbox": [
        75,
        490,
        141,
        199
      ],
      "segmentation": [
        [
          75,
          490,
          215,
          490,
          215,
          688,
          75,
          688
        ]
      ],
      "text": {
        "transcription": "SO",
        "legible": 1,
        "language": "english"
      },
      "ignore": 0,
      "id": 38,
      "image_id": 3,
      "area": 28059,
      "iscrowd": 0,
      "category_id": 1
    },
    {
      "bbox": [
        281,
        503,
        136,
        44
      ],
      "segmentation": [
        [
          281,
          503,
          416,
          503,
          416,
          546,
          281,
          546
        ]
      ],
      "text": {
        "transcription": "OKEY",
        "legible": 1,
        "language": "english"
      },
      "ignore": 0,
      "id": 39,
      "image_id": 3,
      "area": 5984,
      "iscrowd": 0,
      "category_id": 1
    },
    {
      "bbox": [
        145,
        134,
        287,
        240
      ],
      "segmentation": [
        [
          145,
          278,
          386,
          134,
          431,
          219,
          193,
          373
        ]
      ],
      "text": {
        "transcription": "WORLD",
        "legible": 1,
        "language": "english"
      },
      "ignore": 0,
      "id": 40,
      "image_id": 3,
      "area": 68880,
      "iscrowd": 0,
      "category_id": 1
    },
    {
      "bbox": [
        359,
        187,
        342,
        262
      ],
      "segmentation": [
        [
          388,
          448,
          359,
          302,
          671,
          187,
          701,
          300
        ]
      ],
      "text": {
        "transcription": "fantastic",
        "legible": 1,
        "language": "english"
      },
      "ignore": 0,
      "id": 41,
      "image_id": 3,
      "area": 89866,
      "iscrowd": 0,
      "category_id": 1
    },
    {
      "bbox": [
        49,
        304,
        172,
        34
      ],
      "segmentation": [
        [
          49,
          304,
          220,
          304,
          220,
          337,
          49,
          337
        ]
      ],
      "text": {
        "transcription": "Something",
        "legible": 1,
        "language": "english"
      },
      "ignore": 0,
      "id": 42,
      "image_id": 4,
      "area": 5848,
      "iscrowd": 0,
      "category_id": 1
    },
    {
      "bbox": [
        96,
        38,
        197,
        177
      ],
      "segmentation": [
        [
          96,
          116,
          138,
          214,
          292,
          118,
          252,
          38
        ]
      ],
      "text": {
        "transcription": "too",
        "legible": 1,
        "language": "english"
      },
      "ignore": 0,
      "id": 43,
      "image_id": 4,
      "area": 34869,
      "iscrowd": 0,
      "category_id": 1
    },
    {
      "bbox": [
        530,
        496,
        142,
        145
      ],
      "segmentation": [
        [
          562,
          640,
          671,
          592,
          641,
          496,
          530,
          528
        ]
      ],
      "text": {
        "transcription": "for",
        "legible": 1,
        "language": "english"
      },
      "ignore": 0,
      "id": 44,
      "image_id": 4,
      "area": 20590,
      "iscrowd": 0,
      "category_id": 1
    },
    {
      "bbox": [
        259,
        643,
        81,
        25
      ],
      "segmentation": [
        [
          259,
          643,
          339,
          643,
          339,
          667,
          259,
          667
        ]
      ],
      "text": {
        "transcription": "Order",
        "legible": 1,
        "language": "english"
      },
      "ignore": 0,
      "id": 45,
      "image_id": 4,
      "area": 2025,
      "iscrowd": 0,
      "category_id": 1
    },
    {
      "bbox": [
        126,
        423,
        330,
        46
      ],
      "segmentation": [
        [
          126,
          423,
          455,
          423,
          455,
          468,
          126,
          468
        ]
      ],
      "text": {
        "transcription": "Advertisement",
        "legible": 1,
        "language": "english"
      },
      "ignore": 0,
      "id": 46,
      "image_id": 4,
      "area": 15180,
      "iscrowd": 0,
      "category_id": 1
    },
    {
      "bbox": [
        483,
        353,
        81,
        37
      ],
      "segmentation": [
        [
          483,
          353,
          563,
          353,
          563,
          389,
          483,
          389
        ]
      ],
      "text": {
        "transcription": "White",
        "legible": 1,
        "language": "english"
      },
      "ignore": 0,
      "id": 47,
      "image_id": 4,
      "area": 2997,
      "iscrowd": 0,
      "category_id": 1
    },
    {
      "bbox": [
        570,
        356,
        84,
        34
      ],
      "segmentation": [
        [
          570,
          356,
          653,
          356,
          653,
          389,
          570,
          389
        ]
      ],
      "text": {
        "transcription": "paper",
        "legible": 1,
        "language": "english"
      },
      "ignore": 0,
      "id": 48,
      "image_id": 4,
      "area": 2856,
      "iscrowd": 0,
      "category_id": 1
    },
    {
      "bbox": [
        261,
        258,
        91,
        42
      ],
      "segmentation": [
        [
          261,
          258,
          351,
          258,
          351,
          299,
          261,
          299
        ]
      ],
      "text": {
        "transcription": "Post",
        "legible": 1,
        "language": "english"
      },
      "ignore": 0,
      "id": 49,
      "image_id": 4,
      "area": 3822,
      "iscrowd": 0,
      "category_id": 1
    },
    {
      "bbox": [
        371,
        264,
        109,
        36
      ],
      "segmentation": [
        [
          371,
          264,
          479,
          264,
          479,
          299,
          371,
          299
        ]
      ],
      "text": {
        "transcription": "stamp",
        "legible": 1,
        "language": "english"
      },
      "ignore": 0,
      "id": 50,
      "image_id": 4,
      "area": 3924,
      "iscrowd": 0,
      "category_id": 1
    },
    {
      "bbox": [
        340,
        154,
        106,
        35
      ],
      "segmentation": [
        [
          340,
          154,
          445,
          154,
          445,
          188,
          340,
          188
        ]
      ],
      "text": {
        "transcription": "happy",
        "legible": 1,
        "language": "english"
      },
      "ignore": 0,
      "id": 51,
      "image_id": 4,
      "area": 3710,
      "iscrowd": 0,
      "category_id": 1
    },
    {
      "bbox": [
        453,
        157,
        68,
        29
      ],
      "segmentation": [
        [
          453,
          157,
          520,
          157,
          520,
          185,
          453,
          185
        ]
      ],
      "text": {
        "transcription": "new",
        "legible": 1,
        "language": "english"
      },
      "ignore": 0,
      "id": 52,
      "image_id": 4,
      "area": 1972,
      "iscrowd": 0,
      "category_id": 1
    },
    {
      "bbox": [
        536,
        160,
        76,
        30
      ],
      "segmentation": [
        [
          536,
          160,
          611,
          160,
          611,
          189,
          536,
          189
        ]
      ],
      "text": {
        "transcription": "year",
        "legible": 1,
        "language": "english"
      },
      "ignore": 0,
      "id": 53,
      "image_id": 4,
      "area": 2280,
      "iscrowd": 0,
      "category_id": 1
    },
    {
      "bbox": [
        495,
        348,
        148,
        67
      ],
      "segmentation": [
        [
          495,
          348,
          642,
          348,
          642,
          414,
          495,
          414
        ]
      ],
      "text": {
        "transcription": "Hello",
        "legible": 1,
        "language": "english"
      },
      "ignore": 0,
      "id": 54,
      "image_id": 5,
      "area": 9916,
      "iscrowd": 0,
      "category_id": 1
    },
    {
      "bbox": [
        21,
        352,
        171,
        29
      ],
      "segmentation": [
        [
          21,
          352,
          191,
          352,
          191,
          380,
          21,
          380
        ]
      ],
      "text": {
        "transcription": "Fundamental",
        "legible": 1,
        "language": "english"
      },
      "ignore": 0,
      "id": 55,
      "image_id": 5,
      "area": 4959,
      "iscrowd": 0,
      "category_id": 1
    },
    {
      "bbox": [
        356,
        171,
        131,
        36
      ],
      "segmentation": [
        [
          356,
          171,
          486,
          171,
          486,
          206,
          356,
          206
        ]
      ],
      "text": {
        "transcription": "Working",
        "legible": 1,
        "language": "english"
      },
      "ignore": 0,
      "id": 56,
      "image_id": 5,
      "area": 4716,
      "iscrowd": 0,
      "category_id": 1
    },
    {
      "bbox": [
        350,
        26,
        122,
        32
      ],
      "segmentation": [
        [
          350,
          26,
          471,
          26,
          471,
          57,
          350,
          57
        ]
      ],
      "text": {
        "transcription": "Sunshine",
        "legible": 1,
        "language": "english"
      },
      "ignore": 0,
      "id": 57,
      "image_id": 5,
      "area": 3904,
      "iscrowd": 0,
      "category_id": 1
    },
    {
      "bbox": [
        200,
        209,
        81,
        25
      ],
      "segmentation": [
        [
          200,
          209,
          280,
          209,
          280,
          233,
          200,
          233
        ]
      ],
      "text": {
        "transcription": "women",
        "legible": 1,
        "language": "english"
      },
      "ignore": 0,
      "id": 58,
      "image_id": 5,
      "area": 2025,
      "iscrowd": 0,
      "category_id": 1
    },
    {
      "bbox": [
        94,
        205,
        94,
        29
      ],
      "segmentation": [
        [
          94,
          205,
          187,
          205,
          187,
          233,
          94,
          233
        ]
      ],
      "text": {
        "transcription": "Pretty",
        "legible": 1,
        "language": "english"
      },
      "ignore": 0,
      "id": 59,
      "image_id": 5,
      "area": 2726,
      "iscrowd": 0,
      "category_id": 1
    },
    {
      "bbox": [
        224,
        510,
        229,
        72
      ],
      "segmentation": [
        [
          224,
          510,
          452,
          510,
          452,
          581,
          224,
          581
        ]
      ],
      "text": {
        "transcription": "SUNSHINE",
        "legible": 1,
        "language": "english"
      },
      "ignore": 0,
      "id": 60,
      "image_id": 5,
      "area": 16488,
      "iscrowd": 0,
      "category_id": 1
    },
    {
      "bbox": [
        332,
        654,
        71,
        35
      ],
      "segmentation": [
        [
          332,
          654,
          402,
          654,
          402,
          688,
          332,
          688
        ]
      ],
      "text": {
        "transcription": "you",
        "legible": 1,
        "language": "english"
      },
      "ignore": 0,
      "id": 61,
      "image_id": 5,
      "area": 2485,
      "iscrowd": 0,
      "category_id": 1
    },
    {
      "bbox": [
        206,
        648,
        110,
        39
      ],
      "segmentation": [
        [
          206,
          648,
          315,
          648,
          315,
          686,
          206,
          686
        ]
      ],
      "text": {
        "transcription": "about",
        "legible": 1,
        "language": "english"
      },
      "ignore": 0,
      "id": 62,
      "image_id": 5,
      "area": 4290,
      "iscrowd": 0,
      "category_id": 1
    },
    {
      "bbox": [
        19,
        646,
        174,
        43
      ],
      "segmentation": [
        [
          19,
          646,
          192,
          646,
          192,
          688,
          19,
          688
        ]
      ],
      "text": {
        "transcription": "Dreaming",
        "legible": 1,
        "language": "english"
      },
      "ignore": 0,
      "id": 63,
      "image_id": 5,
      "area": 7482,
      "iscrowd": 0,
      "category_id": 1
    },
    {
      "bbox": [
        465,
        619,
        53,
        25
      ],
      "segmentation": [
        [
          465,
          619,
          517,
          619,
          517,
          643,
          465,
          643
        ]
      ],
      "text": {
        "transcription": "you",
        "legible": 1,
        "language": "english"
      },
      "ignore": 0,
      "id": 64,
      "image_id": 5,
      "area": 1325,
      "iscrowd": 0,
      "category_id": 1
    },
    {
      "bbox": [
        434,
        616,
        28,
        25
      ],
      "segmentation": [
        [
          434,
          616,
          461,
          616,
          461,
          640,
          434,
          640
        ]
      ],
      "text": {
        "transcription": "of",
        "legible": 1,
        "language": "english"
      },
      "ignore": 0,
      "id": 65,
      "image_id": 5,
      "area": 700,
      "iscrowd": 0,
      "category_id": 1
    },
    {
      "bbox": [
        395,
        615,
        32,
        26
      ],
      "segmentation": [
        [
          395,
          615,
          426,
          615,
          426,
          640,
          395,
          640
        ]
      ],
      "text": {
        "transcription": "all",
        "legible": 1,
        "language": "english"
      },
      "ignore": 0,
      "id": 66,
      "image_id": 5,
      "area": 832,
      "iscrowd": 0,
      "category_id": 1
    },
    {
      "bbox": [
        352,
        614,
        35,
        25
      ],
      "segmentation": [
        [
          352,
          614,
          386,
          614,
          386,
          638,
          352,
          638
        ]
      ],
      "text": {
        "transcription": "To",
        "legible": 1,
        "language": "english"
      },
      "ignore": 0,
      "id": 67,
      "image_id": 5,
      "area": 875,
      "iscrowd": 0,
      "category_id": 1
    },
    {
      "bbox": [
        136,
        244,
        177,
        75
      ],
      "segmentation": [
        [
          136,
          244,
          312,
          244,
          312,
          318,
          136,
          318
        ]
      ],
      "text": {
        "transcription": "WHAT",
        "legible": 1,
        "language": "english"
      },
      "ignore": 0,
      "id": 68,
      "image_id": 5,
      "area": 13275,
      "iscrowd": 0,
      "category_id": 1
    },
    {
      "bbox": [
        114,
        547,
        229,
        153
      ],
      "segmentation": [
        [
          114,
          618,
          322,
          547,
          342,
          641,
          132,
          699
        ]
      ],
      "text": {
        "transcription": "MOVE",
        "legible": 1,
        "language": "english"
      },
      "ignore": 0,
      "id": 69,
      "image_id": 6,
      "area": 35037,
      "iscrowd": 0,
      "category_id": 1
    },
    {
      "bbox": [
        493,
        24,
        191,
        130
      ],
      "segmentation": [
        [
          493,
          40,
          681,
          24,
          683,
          129,
          522,
          153
        ]
      ],
      "text": {
        "transcription": "SALT",
        "legible": 1,
        "language": "english"
      },
      "ignore": 0,
      "id": 70,
      "image_id": 6,
      "area": 24830,
      "iscrowd": 0,
      "category_id": 1
    },
    {
      "bbox": [
        352,
        242,
        259,
        93
      ],
      "segmentation": [
        [
          352,
          250,
          603,
          242,
          610,
          312,
          390,
          334
        ]
      ],
      "text": {
        "transcription": "three",
        "legible": 1,
        "language": "english"
      },
      "ignore": 0,
      "id": 71,
      "image_id": 6,
      "area": 24087,
      "iscrowd": 0,
      "category_id": 1
    },
    {
      "bbox": [
        35,
        247,
        257,
        111
      ],
      "segmentation": [
        [
          35,
          264,
          291,
          247,
          273,
          357,
          48,
          346
        ]
      ],
      "text": {
        "transcription": "every",
        "legible": 1,
        "language": "english"
      },
      "ignore": 0,
      "id": 72,
      "image_id": 6,
      "area": 28527,
      "iscrowd": 0,
      "category_id": 1
    },
    {
      "bbox": [
        87,
        365,
        297,
        159
      ],
      "segmentation": [
        [
          87,
          407,
          356,
          365,
          383,
          460,
          90,
          523
        ]
      ],
      "text": {
        "transcription": "SALAD",
        "legible": 1,
        "language": "english"
      },
      "ignore": 0,
      "id": 73,
      "image_id": 6,
      "area": 47223,
      "iscrowd": 0,
      "category_id": 1
    },
    {
      "bbox": [
        459,
        513,
        236,
        78
      ],
      "segmentation": [
        [
          459,
          513,
          694,
          513,
          694,
          590,
          459,
          590
        ]
      ],
      "text": {
        "transcription": "theam",
        "legible": 1,
        "language": "english"
      },
      "ignore": 0,
      "id": 74,
      "image_id": 6,
      "area": 18408,
      "iscrowd": 0,
      "category_id": 1
    },
    {
      "bbox": [
        8,
        111,
        218,
        85
      ],
      "segmentation": [
        [
          8,
          111,
          225,
          111,
          225,
          195,
          8,
          195
        ]
      ],
      "text": {
        "transcription": "TWO",
        "legible": 1,
        "language": "english"
      },
      "ignore": 0,
      "id": 75,
      "image_id": 6,
      "area": 18530,
      "iscrowd": 0,
      "category_id": 1
    },
    {
      "bbox": [
        363,
        145,
        130,
        47
      ],
      "segmentation": [
        [
          363,
          145,
          492,
          145,
          492,
          191,
          363,
          191
        ]
      ],
      "text": {
        "transcription": "Dance",
        "legible": 1,
        "language": "english"
      },
      "ignore": 0,
      "id": 76,
      "image_id": 6,
      "area": 6110,
      "iscrowd": 0,
      "category_id": 1
    },
    {
      "bbox": [
        316,
        46,
        112,
        39
      ],
      "segmentation": [
        [
          316,
          46,
          427,
          46,
          427,
          84,
          316,
          84
        ]
      ],
      "text": {
        "transcription": "Forget",
        "legible": 1,
        "language": "english"
      },
      "ignore": 0,
      "id": 77,
      "image_id": 6,
      "area": 4368,
      "iscrowd": 0,
      "category_id": 1
    },
    {
      "bbox": [
        207,
        455,
        265,
        134
      ],
      "segmentation": [
        [
          207,
          475,
          252,
          588,
          471,
          553,
          447,
          455
        ]
      ],
      "text": {
        "transcription": "blue",
        "legible": 1,
        "language": "english"
      },
      "ignore": 0,
      "id": 78,
      "image_id": 7,
      "area": 35510,
      "iscrowd": 0,
      "category_id": 1
    },
    {
      "bbox": [
        471,
        429,
        226,
        49
      ],
      "segmentation": [
        [
          471,
          429,
          474,
          477,
          693,
          469,
          696,
          436
        ]
      ],
      "text": {
        "transcription": "Tomorrow",
        "legible": 1,
        "language": "english"
      },
      "ignore": 0,
      "id": 79,
      "image_id": 7,
      "area": 11074,
      "iscrowd": 0,
      "category_id": 1
    },
    {
      "bbox": [
        17,
        170,
        414,
        152
      ],
      "segmentation": [
        [
          17,
          220,
          425,
          170,
          430,
          256,
          35,
          321
        ]
      ],
      "text": {
        "transcription": "together",
        "legible": 1,
        "language": "english"
      },
      "ignore": 0,
      "id": 80,
      "image_id": 7,
      "area": 62928,
      "iscrowd": 0,
      "category_id": 1
    },
    {
      "bbox": [
        420,
        267,
        162,
        87
      ],
      "segmentation": [
        [
          420,
          278,
          581,
          267,
          581,
          339,
          438,
          353
        ]
      ],
      "text": {
        "transcription": "see",
        "legible": 1,
        "language": "english"
      },
      "ignore": 0,
      "id": 81,
      "image_id": 7,
      "area": 14094,
      "iscrowd": 0,
      "category_id": 1
    },
    {
      "bbox": [
        315,
        51,
        349,
        123
      ],
      "segmentation": [
        [
          315,
          94,
          663,
          51,
          655,
          131,
          329,
          173
        ]
      ],
      "text": {
        "transcription": "summer",
        "legible": 1,
        "language": "english"
      },
      "ignore": 0,
      "id": 82,
      "image_id": 7,
      "area": 42927,
      "iscrowd": 0,
      "category_id": 1
    },
    {
      "bbox": [
        61,
        82,
        164,
        101
      ],
      "segmentation": [
        [
          61,
          99,
          213,
          82,
          224,
          155,
          69,
          182
        ]
      ],
      "text": {
        "transcription": "sea",
        "legible": 1,
        "language": "english"
      },
      "ignore": 0,
      "id": 83,
      "image_id": 7,
      "area": 16564,
      "iscrowd": 0,
      "category_id": 1
    },
    {
      "bbox": [
        9,
        377,
        185,
        49
      ],
      "segmentation": [
        [
          9,
          379,
          11,
          425,
          193,
          425,
          193,
          377
        ]
      ],
      "text": {
        "transcription": "Today",
        "legible": 1,
        "language": "english"
      },
      "ignore": 0,
      "id": 84,
      "image_id": 7,
      "area": 9065,
      "iscrowd": 0,
      "category_id": 1
    },
    {
      "bbox": [
        20,
        620,
        203,
        45
      ],
      "segmentation": [
        [
          20,
          620,
          21,
          661,
          222,
          664,
          222,
          622
        ]
      ],
      "text": {
        "transcription": "Thursday",
        "legible": 1,
        "language": "english"
      },
      "ignore": 0,
      "id": 85,
      "image_id": 7,
      "area": 9135,
      "iscrowd": 0,
      "category_id": 1
    },
    {
      "bbox": [
        378,
        594,
        121,
        49
      ],
      "segmentation": [
        [
          380,
          594,
          378,
          641,
          498,
          642,
          498,
          597
        ]
      ],
      "text": {
        "transcription": "June",
        "legible": 1,
        "language": "english"
      },
      "ignore": 0,
      "id": 86,
      "image_id": 7,
      "area": 5929,
      "iscrowd": 0,
      "category_id": 1
    },
    {
      "bbox": [
        59,
        86,
        98,
        34
      ],
      "segmentation": [
        [
          59,
          86,
          156,
          86,
          156,
          119,
          59,
          119
        ]
      ],
      "text": {
        "transcription": "Thank",
        "legible": 1,
        "language": "english"
      },
      "ignore": 0,
      "id": 87,
      "image_id": 8,
      "area": 3332,
      "iscrowd": 0,
      "category_id": 1
    },
    {
      "bbox": [
        418,
        30,
        74,
        24
      ],
      "segmentation": [
        [
          418,
          30,
          491,
          30,
          491,
          53,
          418,
          53
        ]
      ],
      "text": {
        "transcription": "meet",
        "legible": 1,
        "language": "english"
      },
      "ignore": 0,
      "id": 88,
      "image_id": 8,
      "area": 1776,
      "iscrowd": 0,
      "category_id": 1
    },
    {
      "bbox": [
        30,
        139,
        131,
        113
      ],
      "segmentation": [
        [
          30,
          139,
          160,
          139,
          160,
          251,
          30,
          251
        ]
      ],
      "text": {
        "transcription": "hat",
        "legible": 1,
        "language": "english"
      },
      "ignore": 0,
      "id": 89,
      "image_id": 8,
      "area": 14803,
      "iscrowd": 0,
      "category_id": 1
    },
    {
      "bbox": [
        213,
        218,
        145,
        53
      ],
      "segmentation": [
        [
          213,
          218,
          357,
          218,
          357,
          270,
          213,
          270
        ]
      ],
      "text": {
        "transcription": "Funny",
        "legible": 1,
        "language": "english"
      },
      "ignore": 0,
      "id": 90,
      "image_id": 8,
      "area": 7685,
      "iscrowd": 0,
      "category_id": 1
    },
    {
      "bbox": [
        438,
        175,
        81,
        25
      ],
      "segmentation": [
        [
          438,
          175,
          518,
          175,
          518,
          199,
          438,
          199
        ]
      ],
      "text": {
        "transcription": "worry",
        "legible": 1,
        "language": "english"
      },
      "ignore": 0,
      "id": 91,
      "image_id": 8,
      "area": 2025,
      "iscrowd": 0,
      "category_id": 1
    },
    {
      "bbox": [
        520,
        174,
        80,
        27
      ],
      "segmentation": [
        [
          520,
          174,
          599,
          174,
          599,
          200,
          520,
          200
        ]
      ],
      "text": {
        "transcription": "about",
        "legible": 1,
        "language": "english"
      },
      "ignore": 0,
      "id": 92,
      "image_id": 8,
      "area": 2160,
      "iscrowd": 0,
      "category_id": 1
    },
    {
      "bbox": [
        5,
        343,
        87,
        31
      ],
      "segmentation": [
        [
          5,
          343,
          91,
          343,
          91,
          373,
          5,
          373
        ]
      ],
      "text": {
        "transcription": "main",
        "legible": 1,
        "language": "english"
      },
      "ignore": 0,
      "id": 93,
      "image_id": 8,
      "area": 2697,
      "iscrowd": 0,
      "category_id": 1
    },
    {
      "bbox": [
        97,
        341,
        173,
        33
      ],
      "segmentation": [
        [
          97,
          341,
          269,
          341,
          269,
          373,
          97,
          373
        ]
      ],
      "text": {
        "transcription": "character",
        "legible": 1,
        "language": "english"
      },
      "ignore": 0,
      "id": 94,
      "image_id": 8,
      "area": 5709,
      "iscrowd": 0,
      "category_id": 1
    },
    {
      "bbox": [
        433,
        251,
        210,
        116
      ],
      "segmentation": [
        [
          433,
          251,
          642,
          251,
          642,
          366,
          433,
          366
        ]
      ],
      "text": {
        "transcription": "film",
        "legible": 1,
        "language": "english"
      },
      "ignore": 0,
      "id": 95,
      "image_id": 8,
      "area": 24360,
      "iscrowd": 0,
      "category_id": 1
    },
    {
      "bbox": [
        413,
        379,
        256,
        54
      ],
      "segmentation": [
        [
          413,
          379,
          668,
          379,
          668,
          432,
          413,
          432
        ]
      ],
      "text": {
        "transcription": "Disrespect",
        "legible": 1,
        "language": "english"
      },
      "ignore": 0,
      "id": 96,
      "image_id": 8,
      "area": 13824,
      "iscrowd": 0,
      "category_id": 1
    },
    {
      "bbox": [
        7,
        546,
        76,
        58
      ],
      "segmentation": [
        [
          7,
          546,
          82,
          546,
          82,
          603,
          7,
          603
        ]
      ],
      "text": {
        "transcription": "try",
        "legible": 1,
        "language": "english"
      },
      "ignore": 0,
      "id": 97,
      "image_id": 8,
      "area": 4408,
      "iscrowd": 0,
      "category_id": 1
    },
    {
      "bbox": [
        91,
        552,
        59,
        48
      ],
      "segmentation": [
        [
          91,
          552,
          149,
          552,
          149,
          599,
          91,
          599
        ]
      ],
      "text": {
        "transcription": "to",
        "legible": 1,
        "language": "english"
      },
      "ignore": 0,
      "id": 98,
      "image_id": 8,
      "area": 2832,
      "iscrowd": 0,
      "category_id": 1
    },
    {
      "bbox": [
        161,
        553,
        68,
        49
      ],
      "segmentation": [
        [
          161,
          553,
          228,
          553,
          228,
          601,
          161,
          601
        ]
      ],
      "text": {
        "transcription": "be",
        "legible": 1,
        "language": "english"
      },
      "ignore": 0,
      "id": 99,
      "image_id": 8,
      "area": 3332,
      "iscrowd": 0,
      "category_id": 1
    },
    {
      "bbox": [
        242,
        555,
        134,
        53
      ],
      "segmentation": [
        [
          242,
          555,
          375,
          555,
          375,
          607,
          242,
          607
        ]
      ],
      "text": {
        "transcription": "good",
        "legible": 1,
        "language": "english"
      },
      "ignore": 0,
      "id": 100,
      "image_id": 8,
      "area": 7102,
      "iscrowd": 0,
      "category_id": 1
    },
    {
      "bbox": [
        164,
        89,
        59,
        29
      ],
      "segmentation": [
        [
          164,
          89,
          222,
          89,
          222,
          117,
          164,
          117
        ]
      ],
      "text": {
        "transcription": "you",
        "legible": 1,
        "language": "english"
      },
      "ignore": 0,
      "id": 101,
      "image_id": 8,
      "area": 1711,
      "iscrowd": 0,
      "category_id": 1
    },
    {
      "bbox": [
        498,
        31,
        123,
        21
      ],
      "segmentation": [
        [
          498,
          31,
          620,
          31,
          620,
          51,
          498,
          51
        ]
      ],
      "text": {
        "transcription": "someone",
        "legible": 1,
        "language": "english"
      },
      "ignore": 0,
      "id": 102,
      "image_id": 8,
      "area": 2583,
      "iscrowd": 0,
      "category_id": 1
    },
    {
      "bbox": [
        443,
        39,
        82,
        28
      ],
      "segmentation": [
        [
          443,
          39,
          524,
          39,
          524,
          66,
          443,
          66
        ]
      ],
      "text": {
        "transcription": "mean",
        "legible": 1,
        "language": "english"
      },
      "ignore": 0,
      "id": 103,
      "image_id": 9,
      "area": 2296,
      "iscrowd": 0,
      "category_id": 1
    },
    {
      "bbox": [
        267,
        71,
        90,
        29
      ],
      "segmentation": [
        [
          267,
          71,
          356,
          71,
          356,
          99,
          267,
          99
        ]
      ],
      "text": {
        "transcription": "meet",
        "legible": 1,
        "language": "english"
      },
      "ignore": 0,
      "id": 104,
      "image_id": 9,
      "area": 2610,
      "iscrowd": 0,
      "category_id": 1
    },
    {
      "bbox": [
        95,
        185,
        167,
        31
      ],
      "segmentation": [
        [
          95,
          185,
          261,
          185,
          261,
          215,
          95,
          215
        ]
      ],
      "text": {
        "transcription": "normilize",
        "legible": 1,
        "language": "english"
      },
      "ignore": 0,
      "id": 105,
      "image_id": 9,
      "area": 5177,
      "iscrowd": 0,
      "category_id": 1
    },
    {
      "bbox": [
        45,
        258,
        103,
        30
      ],
      "segmentation": [
        [
          45,
          258,
          147,
          258,
          147,
          287,
          45,
          287
        ]
      ],
      "text": {
        "transcription": "around",
        "legible": 1,
        "language": "english"
      },
      "ignore": 0,
      "id": 106,
      "image_id": 9,
      "area": 3090,
      "iscrowd": 0,
      "category_id": 1
    },
    {
      "bbox": [
        107,
        328,
        302,
        41
      ],
      "segmentation": [
        [
          107,
          328,
          408,
          328,
          408,
          368,
          107,
          368
        ]
      ],
      "text": {
        "transcription": "Characteristic",
        "legible": 1,
        "language": "english"
      },
      "ignore": 0,
      "id": 107,
      "image_id": 9,
      "area": 12382,
      "iscrowd": 0,
      "category_id": 1
    },
    {
      "bbox": [
        388,
        292,
        152,
        35
      ],
      "segmentation": [
        [
          388,
          292,
          539,
          292,
          539,
          326,
          388,
          326
        ]
      ],
      "text": {
        "transcription": "absence",
        "legible": 1,
        "language": "english"
      },
      "ignore": 0,
      "id": 108,
      "image_id": 9,
      "area": 5320,
      "iscrowd": 0,
      "category_id": 1
    },
    {
      "bbox": [
        379,
        214,
        72,
        30
      ],
      "segmentation": [
        [
          379,
          214,
          450,
          214,
          450,
          243,
          379,
          243
        ]
      ],
      "text": {
        "transcription": "Total",
        "legible": 1,
        "language": "english"
      },
      "ignore": 0,
      "id": 109,
      "image_id": 9,
      "area": 2160,
      "iscrowd": 0,
      "category_id": 1
    },
    {
      "bbox": [
        454,
        216,
        106,
        30
      ],
      "segmentation": [
        [
          454,
          216,
          559,
          216,
          559,
          245,
          454,
          245
        ]
      ],
      "text": {
        "transcription": "support",
        "legible": 1,
        "language": "english"
      },
      "ignore": 0,
      "id": 110,
      "image_id": 9,
      "area": 3180,
      "iscrowd": 0,
      "category_id": 1
    },
    {
      "bbox": [
        346,
        124,
        84,
        36
      ],
      "segmentation": [
        [
          346,
          124,
          429,
          124,
          429,
          159,
          346,
          159
        ]
      ],
      "text": {
        "transcription": "real",
        "legible": 1,
        "language": "english"
      },
      "ignore": 0,
      "id": 111,
      "image_id": 9,
      "area": 3024,
      "iscrowd": 0,
      "category_id": 1
    },
    {
      "bbox": [
        438,
        130,
        140,
        32
      ],
      "segmentation": [
        [
          438,
          130,
          577,
          130,
          577,
          161,
          438,
          161
        ]
      ],
      "text": {
        "transcription": "reason",
        "legible": 1,
        "language": "english"
      },
      "ignore": 0,
      "id": 112,
      "image_id": 9,
      "area": 4480,
      "iscrowd": 0,
      "category_id": 1
    },
    {
      "bbox": [
        299,
        405,
        122,
        39
      ],
      "segmentation": [
        [
          299,
          405,
          420,
          405,
          420,
          443,
          299,
          443
        ]
      ],
      "text": {
        "transcription": "open",
        "legible": 1,
        "language": "english"
      },
      "ignore": 0,
      "id": 113,
      "image_id": 9,
      "area": 4758,
      "iscrowd": 0,
      "category_id": 1
    },
    {
      "bbox": [
        445,
        459,
        128,
        34
      ],
      "segmentation": [
        [
          445,
          459,
          572,
          459,
          572,
          492,
          445,
          492
        ]
      ],
      "text": {
        "transcription": "benefit",
        "legible": 1,
        "language": "english"
      },
      "ignore": 0,
      "id": 114,
      "image_id": 9,
      "area": 4352,
      "iscrowd": 0,
      "category_id": 1
    },
    {
      "bbox": [
        254,
        585,
        123,
        35
      ],
      "segmentation": [
        [
          254,
          585,
          376,
          585,
          376,
          619,
          254,
          619
        ]
      ],
      "text": {
        "transcription": "Apathy",
        "legible": 1,
        "language": "english"
      },
      "ignore": 0,
      "id": 115,
      "image_id": 9,
      "area": 4305,
      "iscrowd": 0,
      "category_id": 1
    },
    {
      "bbox": [
        390,
        639,
        114,
        31
      ],
      "segmentation": [
        [
          390,
          639,
          503,
          639,
          503,
          669,
          390,
          669
        ]
      ],
      "text": {
        "transcription": "calendar",
        "legible": 1,
        "language": "english"
      },
      "ignore": 0,
      "id": 116,
      "image_id": 9,
      "area": 3534,
      "iscrowd": 0,
      "category_id": 1
    },
    {
      "bbox": [
        104,
        582,
        113,
        41
      ],
      "segmentation": [
        [
          104,
          582,
          216,
          582,
          216,
          622,
          104,
          622
        ]
      ],
      "text": {
        "transcription": "Show",
        "legible": 1,
        "language": "english"
      },
      "ignore": 0,
      "id": 117,
      "image_id": 9,
      "area": 4633,
      "iscrowd": 0,
      "category_id": 1
    },
    {
      "bbox": [
        3,
        655,
        94,
        32
      ],
      "segmentation": [
        [
          3,
          655,
          96,
          655,
          96,
          686,
          3,
          686
        ]
      ],
      "text": {
        "transcription": "SHOW",
        "legible": 1,
        "language": "english"
      },
      "ignore": 0,
      "id": 118,
      "image_id": 9,
      "area": 3008,
      "iscrowd": 0,
      "category_id": 1
    },
    {
      "bbox": [
        6,
        28,
        179,
        110
      ],
      "segmentation": [
        [
          6,
          28,
          184,
          28,
          184,
          137,
          6,
          137
        ]
      ],
      "text": {
        "transcription": "desk",
        "legible": 1,
        "language": "english"
      },
      "ignore": 0,
      "id": 119,
      "image_id": 10,
      "area": 19690,
      "iscrowd": 0,
      "category_id": 1
    },
    {
      "bbox": [
        380,
        56,
        109,
        38
      ],
      "segmentation": [
        [
          380,
          56,
          488,
          56,
          488,
          93,
          380,
          93
        ]
      ],
      "text": {
        "transcription": "Boss",
        "legible": 1,
        "language": "english"
      },
      "ignore": 0,
      "id": 120,
      "image_id": 10,
      "area": 4142,
      "iscrowd": 0,
      "category_id": 1
    },
    {
      "bbox": [
        152,
        162,
        197,
        40
      ],
      "segmentation": [
        [
          152,
          162,
          348,
          162,
          348,
          201,
          152,
          201
        ]
      ],
      "text": {
        "transcription": "opportunity",
        "legible": 1,
        "language": "english"
      },
      "ignore": 0,
      "id": 121,
      "image_id": 10,
      "area": 7880,
      "iscrowd": 0,
      "category_id": 1
    },
    {
      "bbox": [
        423,
        129,
        161,
        73
      ],
      "segmentation": [
        [
          423,
          129,
          583,
          129,
          583,
          201,
          423,
          201
        ]
      ],
      "text": {
        "transcription": "two",
        "legible": 1,
        "language": "english"
      },
      "ignore": 0,
      "id": 122,
      "image_id": 10,
      "area": 11753,
      "iscrowd": 0,
      "category_id": 1
    },
    {
      "bbox": [
        41,
        295,
        200,
        44
      ],
      "segmentation": [
        [
          41,
          295,
          240,
          295,
          240,
          338,
          41,
          338
        ]
      ],
      "text": {
        "transcription": "Stagnation",
        "legible": 1,
        "language": "english"
      },
      "ignore": 0,
      "id": 123,
      "image_id": 10,
      "area": 8800,
      "iscrowd": 0,
      "category_id": 1
    },
    {
      "bbox": [
        335,
        275,
        86,
        36
      ],
      "segmentation": [
        [
          335,
          275,
          420,
          275,
          420,
          310,
          335,
          310
        ]
      ],
      "text": {
        "transcription": "TEST",
        "legible": 1,
        "language": "english"
      },
      "ignore": 0,
      "id": 124,
      "image_id": 10,
      "area": 3096,
      "iscrowd": 0,
      "category_id": 1
    },
    {
      "bbox": [
        483,
        305,
        136,
        46
      ],
      "segmentation": [
        [
          483,
          305,
          618,
          305,
          618,
          350,
          483,
          350
        ]
      ],
      "text": {
        "transcription": "Change",
        "legible": 1,
        "language": "english"
      },
      "ignore": 0,
      "id": 125,
      "image_id": 10,
      "area": 6256,
      "iscrowd": 0,
      "category_id": 1
    },
    {
      "bbox": [
        244,
        377,
        101,
        69
      ],
      "segmentation": [
        [
          244,
          377,
          344,
          377,
          344,
          445,
          244,
          445
        ]
      ],
      "text": {
        "transcription": "tell",
        "legible": 1,
        "language": "english"
      },
      "ignore": 0,
      "id": 126,
      "image_id": 10,
      "area": 6969,
      "iscrowd": 0,
      "category_id": 1
    },
    {
      "bbox": [
        390,
        376,
        125,
        88
      ],
      "segmentation": [
        [
          390,
          376,
          514,
          376,
          514,
          463,
          390,
          463
        ]
      ],
      "text": {
        "transcription": "role",
        "legible": 1,
        "language": "english"
      },
      "ignore": 0,
      "id": 127,
      "image_id": 10,
      "area": 11000,
      "iscrowd": 0,
      "category_id": 1
    },
    {
      "bbox": [
        386,
        555,
        203,
        44
      ],
      "segmentation": [
        [
          386,
          555,
          588,
          555,
          588,
          598,
          386,
          598
        ]
      ],
      "text": {
        "transcription": "better",
        "legible": 1,
        "language": "english"
      },
      "ignore": 0,
      "id": 128,
      "image_id": 10,
      "area": 8932,
      "iscrowd": 0,
      "category_id": 1
    },
    {
      "bbox": [
        147,
        439,
        74,
        30
      ],
      "segmentation": [
        [
          147,
          439,
          220,
          439,
          220,
          468,
          147,
          468
        ]
      ],
      "text": {
        "transcription": "state",
        "legible": 1,
        "language": "english"
      },
      "ignore": 0,
      "id": 129,
      "image_id": 10,
      "area": 2220,
      "iscrowd": 0,
      "category_id": 1
    },
    {
      "bbox": [
        184,
        531,
        147,
        75
      ],
      "segmentation": [
        [
          184,
          531,
          330,
          531,
          330,
          605,
          184,
          605
        ]
      ],
      "text": {
        "transcription": "real",
        "legible": 1,
        "language": "english"
      },
      "ignore": 0,
      "id": 130,
      "image_id": 10,
      "area": 11025,
      "iscrowd": 0,
      "category_id": 1
    },
    {
      "bbox": [
        7,
        583,
        98,
        104
      ],
      "segmentation": [
        [
          7,
          583,
          104,
          583,
          104,
          686,
          7,
          686
        ]
      ],
      "text": {
        "transcription": "to",
        "legible": 1,
        "language": "english"
      },
      "ignore": 0,
      "id": 131,
      "image_id": 10,
      "area": 10192,
      "iscrowd": 0,
      "category_id": 1
    },
    {
      "bbox": [
        264,
        611,
        131,
        68
      ],
      "segmentation": [
        [
          264,
          611,
          394,
          611,
          394,
          678,
          264,
          678
        ]
      ],
      "text": {
        "transcription": "rise",
        "legible": 1,
        "language": "english"
      },
      "ignore": 0,
      "id": 132,
      "image_id": 10,
      "area": 8908,
      "iscrowd": 0,
      "category_id": 1
    },
    {
      "bbox": [
        497,
        45,
        199,
        48
      ],
      "segmentation": [
        [
          497,
          45,
          695,
          45,
          695,
          92,
          497,
          92
        ]
      ],
      "text": {
        "transcription": "Aggressive",
        "legible": 1,
        "language": "english"
      },
      "ignore": 0,
      "id": 133,
      "image_id": 11,
      "area": 9552,
      "iscrowd": 0,
      "category_id": 1
    },
    {
      "bbox": [
        83,
        67,
        165,
        43
      ],
      "segmentation": [
        [
          83,
          67,
          247,
          67,
          247,
          109,
          83,
          109
        ]
      ],
      "text": {
        "transcription": "very nice",
        "legible": 1,
        "language": "english"
      },
      "ignore": 0,
      "id": 134,
      "image_id": 11,
      "area": 7095,
      "iscrowd": 0,
      "category_id": 1
    },
    {
      "bbox": [
        365,
        109,
        148,
        46
      ],
      "segmentation": [
        [
          365,
          109,
          512,
          109,
          512,
          154,
          365,
          154
        ]
      ],
      "text": {
        "transcription": "Allright",
        "legible": 1,
        "language": "english"
      },
      "ignore": 0,
      "id": 135,
      "image_id": 11,
      "area": 6808,
      "iscrowd": 0,
      "category_id": 1
    },
    {
      "bbox": [
        26,
        165,
        120,
        39
      ],
      "segmentation": [
        [
          26,
          165,
          145,
          165,
          145,
          203,
          26,
          203
        ]
      ],
      "text": {
        "transcription": "keep",
        "legible": 1,
        "language": "english"
      },
      "ignore": 0,
      "id": 136,
      "image_id": 11,
      "area": 4680,
      "iscrowd": 0,
      "category_id": 1
    },
    {
      "bbox": [
        171,
        222,
        74,
        42
      ],
      "segmentation": [
        [
          171,
          222,
          244,
          222,
          244,
          263,
          171,
          263
        ]
      ],
      "text": {
        "transcription": "Shy",
        "legible": 1,
        "language": "english"
      },
      "ignore": 0,
      "id": 137,
      "image_id": 11,
      "area": 3108,
      "iscrowd": 0,
      "category_id": 1
    },
    {
      "bbox": [
        350,
        181,
        126,
        41
      ],
      "segmentation": [
        [
          350,
          181,
          475,
          181,
          475,
          221,
          350,
          221
        ]
      ],
      "text": {
        "transcription": "coding",
        "legible": 1,
        "language": "english"
      },
      "ignore": 0,
      "id": 138,
      "image_id": 11,
      "area": 5166,
      "iscrowd": 0,
      "category_id": 1
    },
    {
      "bbox": [
        450,
        282,
        152,
        36
      ],
      "segmentation": [
        [
          450,
          282,
          601,
          282,
          601,
          317,
          450,
          317
        ]
      ],
      "text": {
        "transcription": "business",
        "legible": 1,
        "language": "english"
      },
      "ignore": 0,
      "id": 139,
      "image_id": 11,
      "area": 5472,
      "iscrowd": 0,
      "category_id": 1
    },
    {
      "bbox": [
        7,
        351,
        119,
        43
      ],
      "segmentation": [
        [
          7,
          351,
          125,
          351,
          125,
          393,
          7,
          393
        ]
      ],
      "text": {
        "transcription": "OKEY",
        "legible": 1,
        "language": "english"
      },
      "ignore": 0,
      "id": 140,
      "image_id": 11,
      "area": 5117,
      "iscrowd": 0,
      "category_id": 1
    },
    {
      "bbox": [
        212,
        354,
        99,
        34
      ],
      "segmentation": [
        [
          212,
          354,
          310,
          354,
          310,
          387,
          212,
          387
        ]
      ],
      "text": {
        "transcription": "real",
        "legible": 1,
        "language": "english"
      },
      "ignore": 0,
      "id": 141,
      "image_id": 11,
      "area": 3366,
      "iscrowd": 0,
      "category_id": 1
    },
    {
      "bbox": [
        318,
        356,
        193,
        33
      ],
      "segmentation": [
        [
          318,
          356,
          510,
          356,
          510,
          388,
          318,
          388
        ]
      ],
      "text": {
        "transcription": "gestures",
        "legible": 1,
        "language": "english"
      },
      "ignore": 0,
      "id": 142,
      "image_id": 11,
      "area": 6369,
      "iscrowd": 0,
      "category_id": 1
    },
    {
      "bbox": [
        132,
        431,
        174,
        41
      ],
      "segmentation": [
        [
          132,
          431,
          305,
          431,
          305,
          471,
          132,
          471
        ]
      ],
      "text": {
        "transcription": "ordinarity",
        "legible": 1,
        "language": "english"
      },
      "ignore": 0,
      "id": 143,
      "image_id": 11,
      "area": 7134,
      "iscrowd": 0,
      "category_id": 1
    },
    {
      "bbox": [
        14,
        531,
        97,
        38
      ],
      "segmentation": [
        [
          14,
          531,
          110,
          531,
          110,
          568,
          14,
          568
        ]
      ],
      "text": {
        "transcription": "Sort",
        "legible": 1,
        "language": "english"
      },
      "ignore": 0,
      "id": 144,
      "image_id": 11,
      "area": 3686,
      "iscrowd": 0,
      "category_id": 1
    },
    {
      "bbox": [
        127,
        530,
        51,
        36
      ],
      "segmentation": [
        [
          127,
          530,
          177,
          530,
          177,
          565,
          127,
          565
        ]
      ],
      "text": {
        "transcription": "of",
        "legible": 1,
        "language": "english"
      },
      "ignore": 0,
      "id": 145,
      "image_id": 11,
      "area": 1836,
      "iscrowd": 0,
      "category_id": 1
    },
    {
      "bbox": [
        187,
        533,
        198,
        35
      ],
      "segmentation": [
        [
          187,
          533,
          384,
          533,
          384,
          567,
          187,
          567
        ]
      ],
      "text": {
        "transcription": "humour",
        "legible": 1,
        "language": "english"
      },
      "ignore": 0,
      "id": 146,
      "image_id": 11,
      "area": 6930,
      "iscrowd": 0,
      "category_id": 1
    },
    {
      "bbox": [
        453,
        521,
        228,
        39
      ],
      "segmentation": [
        [
          453,
          521,
          680,
          521,
          680,
          559,
          453,
          559
        ]
      ],
      "text": {
        "transcription": "TEACHING",
        "legible": 1,
        "language": "english"
      },
      "ignore": 0,
      "id": 147,
      "image_id": 11,
      "area": 8892,
      "iscrowd": 0,
      "category_id": 1
    },
    {
      "bbox": [
        315,
        622,
        124,
        42
      ],
      "segmentation": [
        [
          315,
          622,
          438,
          622,
          438,
          663,
          315,
          663
        ]
      ],
      "text": {
        "transcription": "Beauty",
        "legible": 1,
        "language": "english"
      },
      "ignore": 0,
      "id": 148,
      "image_id": 11,
      "area": 5208,
      "iscrowd": 0,
      "category_id": 1
    },
    {
      "bbox": [
        54,
        82,
        145,
        36
      ],
      "segmentation": [
        [
          54,
          82,
          198,
          82,
          198,
          117,
          54,
          117
        ]
      ],
      "text": {
        "transcription": "HELLO",
        "legible": 1,
        "language": "english"
      },
      "ignore": 0,
      "id": 149,
      "image_id": 12,
      "area": 5220,
      "iscrowd": 0,
      "category_id": 1
    },
    {
      "bbox": [
        393,
        43,
        192,
        44
      ],
      "segmentation": [
        [
          393,
          43,
          584,
          43,
          584,
          86,
          393,
          86
        ]
      ],
      "text": {
        "transcription": "Pineapple",
        "legible": 1,
        "language": "english"
      },
      "ignore": 0,
      "id": 150,
      "image_id": 12,
      "area": 8448,
      "iscrowd": 0,
      "category_id": 1
    },
    {
      "bbox": [
        108,
        176,
        219,
        44
      ],
      "segmentation": [
        [
          108,
          176,
          326,
          176,
          326,
          219,
          108,
          219
        ]
      ],
      "text": {
        "transcription": "Assistance",
        "legible": 1,
        "language": "english"
      },
      "ignore": 0,
      "id": 151,
      "image_id": 12,
      "area": 9636,
      "iscrowd": 0,
      "category_id": 1
    },
    {
      "bbox": [
        61,
        305,
        94,
        33
      ],
      "segmentation": [
        [
          61,
          305,
          154,
          305,
          154,
          337,
          61,
          337
        ]
      ],
      "text": {
        "transcription": "Fake",
        "legible": 1,
        "language": "english"
      },
      "ignore": 0,
      "id": 152,
      "image_id": 12,
      "area": 3102,
      "iscrowd": 0,
      "category_id": 1
    },
    {
      "bbox": [
        371,
        241,
        161,
        38
      ],
      "segmentation": [
        [
          371,
          241,
          531,
          241,
          531,
          278,
          371,
          278
        ]
      ],
      "text": {
        "transcription": "WORLD",
        "legible": 1,
        "language": "english"
      },
      "ignore": 0,
      "id": 153,
      "image_id": 12,
      "area": 6118,
      "iscrowd": 0,
      "category_id": 1
    },
    {
      "bbox": [
        222,
        344,
        181,
        36
      ],
      "segmentation": [
        [
          222,
          344,
          402,
          344,
          402,
          379,
          222,
          379
        ]
      ],
      "text": {
        "transcription": "Pathetic",
        "legible": 1,
        "language": "english"
      },
      "ignore": 0,
      "id": 154,
      "image_id": 12,
      "area": 6516,
      "iscrowd": 0,
      "category_id": 1
    },
    {
      "bbox": [
        486,
        333,
        168,
        42
      ],
      "segmentation": [
        [
          486,
          333,
          653,
          333,
          653,
          374,
          486,
          374
        ]
      ],
      "text": {
        "transcription": "Conquer",
        "legible": 1,
        "language": "english"
      },
      "ignore": 0,
      "id": 155,
      "image_id": 12,
      "area": 7056,
      "iscrowd": 0,
      "category_id": 1
    },
    {
      "bbox": [
        159,
        439,
        88,
        34
      ],
      "segmentation": [
        [
          159,
          439,
          246,
          439,
          246,
          472,
          159,
          472
        ]
      ],
      "text": {
        "transcription": "Nice",
        "legible": 1,
        "language": "english"
      },
      "ignore": 0,
      "id": 156,
      "image_id": 12,
      "area": 2992,
      "iscrowd": 0,
      "category_id": 1
    },
    {
      "bbox": [
        263,
        443,
        41,
        29
      ],
      "segmentation": [
        [
          263,
          443,
          303,
          443,
          303,
          471,
          263,
          471
        ]
      ],
      "text": {
        "transcription": "to",
        "legible": 1,
        "language": "english"
      },
      "ignore": 0,
      "id": 157,
      "image_id": 12,
      "area": 1189,
      "iscrowd": 0,
      "category_id": 1
    },
    {
      "bbox": [
        320,
        439,
        87,
        33
      ],
      "segmentation": [
        [
          320,
          439,
          406,
          439,
          406,
          471,
          320,
          471
        ]
      ],
      "text": {
        "transcription": "hear",
        "legible": 1,
        "language": "english"
      },
      "ignore": 0,
      "id": 158,
      "image_id": 12,
      "area": 2871,
      "iscrowd": 0,
      "category_id": 1
    },
    {
      "bbox": [
        419,
        437,
        35,
        34
      ],
      "segmentation": [
        [
          419,
          437,
          453,
          437,
          453,
          470,
          419,
          470
        ]
      ],
      "text": {
        "transcription": "it",
        "legible": 1,
        "language": "english"
      },
      "ignore": 0,
      "id": 159,
      "image_id": 12,
      "area": 1190,
      "iscrowd": 0,
      "category_id": 1
    },
    {
      "bbox": [
        5,
        527,
        122,
        37
      ],
      "segmentation": [
        [
          5,
          527,
          126,
          527,
          126,
          563,
          5,
          563
        ]
      ],
      "text": {
        "transcription": "Great",
        "legible": 1,
        "language": "english"
      },
      "ignore": 0,
      "id": 160,
      "image_id": 12,
      "area": 4514,
      "iscrowd": 0,
      "category_id": 1
    },
    {
      "bbox": [
        275,
        574,
        122,
        39
      ],
      "segmentation": [
        [
          275,
          574,
          396,
          574,
          396,
          612,
          275,
          612
        ]
      ],
      "text": {
        "transcription": "GOLD",
        "legible": 1,
        "language": "english"
      },
      "ignore": 0,
      "id": 161,
      "image_id": 12,
      "area": 4758,
      "iscrowd": 0,
      "category_id": 1
    },
    {
      "bbox": [
        500,
        649,
        133,
        39
      ],
      "segmentation": [
        [
          500,
          649,
          632,
          649,
          632,
          687,
          500,
          687
        ]
      ],
      "text": {
        "transcription": "SHOW",
        "legible": 1,
        "language": "english"
      },
      "ignore": 0,
      "id": 162,
      "image_id": 12,
      "area": 5187,
      "iscrowd": 0,
      "category_id": 1
    },
    {
      "bbox": [
        60,
        35,
        125,
        44
      ],
      "segmentation": [
        [
          60,
          35,
          184,
          35,
          184,
          78,
          60,
          78
        ]
      ],
      "text": {
        "transcription": "OKEY",
        "legible": 1,
        "language": "english"
      },
      "ignore": 0,
      "id": 163,
      "image_id": 13,
      "area": 5500,
      "iscrowd": 0,
      "category_id": 1
    },
    {
      "bbox": [
        17,
        180,
        146,
        40
      ],
      "segmentation": [
        [
          17,
          180,
          162,
          180,
          162,
          219,
          17,
          219
        ]
      ],
      "text": {
        "transcription": "voice",
        "legible": 1,
        "language": "english"
      },
      "ignore": 0,
      "id": 164,
      "image_id": 13,
      "area": 5840,
      "iscrowd": 0,
      "category_id": 1
    },
    {
      "bbox": [
        340,
        49,
        267,
        109
      ],
      "segmentation": [
        [
          340,
          49,
          606,
          49,
          606,
          157,
          340,
          157
        ]
      ],
      "text": {
        "transcription": "steal",
        "legible": 1,
        "language": "english"
      },
      "ignore": 0,
      "id": 165,
      "image_id": 13,
      "area": 29103,
      "iscrowd": 0,
      "category_id": 1
    },
    {
      "bbox": [
        228,
        168,
        195,
        38
      ],
      "segmentation": [
        [
          228,
          168,
          422,
          168,
          422,
          205,
          228,
          205
        ]
      ],
      "text": {
        "transcription": "Sometimes",
        "legible": 1,
        "language": "english"
      },
      "ignore": 0,
      "id": 166,
      "image_id": 13,
      "area": 7410,
      "iscrowd": 0,
      "category_id": 1
    },
    {
      "bbox": [
        235,
        264,
        83,
        36
      ],
      "segmentation": [
        [
          235,
          264,
          317,
          264,
          317,
          299,
          235,
          299
        ]
      ],
      "text": {
        "transcription": "less",
        "legible": 1,
        "language": "english"
      },
      "ignore": 0,
      "id": 167,
      "image_id": 13,
      "area": 2988,
      "iscrowd": 0,
      "category_id": 1
    },
    {
      "bbox": [
        389,
        226,
        129,
        41
      ],
      "segmentation": [
        [
          389,
          226,
          517,
          226,
          517,
          266,
          389,
          266
        ]
      ],
      "text": {
        "transcription": "About",
        "legible": 1,
        "language": "english"
      },
      "ignore": 0,
      "id": 168,
      "image_id": 13,
      "area": 5289,
      "iscrowd": 0,
      "category_id": 1
    },
    {
      "bbox": [
        529,
        229,
        41,
        34
      ],
      "segmentation": [
        [
          529,
          229,
          569,
          229,
          569,
          262,
          529,
          262
        ]
      ],
      "text": {
        "transcription": "it",
        "legible": 1,
        "language": "english"
      },
      "ignore": 0,
      "id": 169,
      "image_id": 13,
      "area": 1394,
      "iscrowd": 0,
      "category_id": 1
    },
    {
      "bbox": [
        490,
        366,
        148,
        38
      ],
      "segmentation": [
        [
          490,
          366,
          637,
          366,
          637,
          403,
          490,
          403
        ]
      ],
      "text": {
        "transcription": "Rumour",
        "legible": 1,
        "language": "english"
      },
      "ignore": 0,
      "id": 170,
      "image_id": 13,
      "area": 5624,
      "iscrowd": 0,
      "category_id": 1
    },
    {
      "bbox": [
        13,
        298,
        408,
        181
      ],
      "segmentation": [
        [
          13,
          298,
          420,
          298,
          420,
          478,
          13,
          478
        ]
      ],
      "text": {
        "transcription": "forgive",
        "legible": 1,
        "language": "english"
      },
      "ignore": 0,
      "id": 171,
      "image_id": 13,
      "area": 73848,
      "iscrowd": 0,
      "category_id": 1
    },
    {
      "bbox": [
        343,
        479,
        136,
        47
      ],
      "segmentation": [
        [
          343,
          479,
          478,
          479,
          478,
          525,
          343,
          525
        ]
      ],
      "text": {
        "transcription": "always",
        "legible": 1,
        "language": "english"
      },
      "ignore": 0,
      "id": 172,
      "image_id": 13,
      "area": 6392,
      "iscrowd": 0,
      "category_id": 1
    },
    {
      "bbox": [
        9,
        534,
        192,
        40
      ],
      "segmentation": [
        [
          9,
          534,
          200,
          534,
          200,
          573,
          9,
          573
        ]
      ],
      "text": {
        "transcription": "assistance",
        "legible": 1,
        "language": "english"
      },
      "ignore": 0,
      "id": 173,
      "image_id": 13,
      "area": 7680,
      "iscrowd": 0,
      "category_id": 1
    },
    {
      "bbox": [
        178,
        599,
        231,
        42
      ],
      "segmentation": [
        [
          178,
          599,
          408,
          599,
          408,
          640,
          178,
          640
        ]
      ],
      "text": {
        "transcription": "Everything",
        "legible": 1,
        "language": "english"
      },
      "ignore": 0,
      "id": 174,
      "image_id": 13,
      "area": 9702,
      "iscrowd": 0,
      "category_id": 1
    },
    {
      "bbox": [
        418,
        598,
        42,
        42
      ],
      "segmentation": [
        [
          418,
          598,
          459,
          598,
          459,
          639,
          418,
          639
        ]
      ],
      "text": {
        "transcription": "ia",
        "legible": 1,
        "language": "english"
      },
      "ignore": 0,
      "id": 175,
      "image_id": 13,
      "area": 1764,
      "iscrowd": 0,
      "category_id": 1
    },
    {
      "bbox": [
        471,
        598,
        159,
        42
      ],
      "segmentation": [
        [
          471,
          598,
          629,
          598,
          629,
          639,
          471,
          639
        ]
      ],
      "text": {
        "transcription": "allright",
        "legible": 1,
        "language": "english"
      },
      "ignore": 0,
      "id": 176,
      "image_id": 13,
      "area": 6678,
      "iscrowd": 0,
      "category_id": 1
    },
    {
      "bbox": [
        337,
        18,
        97,
        45
      ],
      "segmentation": [
        [
          337,
          18,
          433,
          18,
          433,
          62,
          337,
          62
        ]
      ],
      "text": {
        "transcription": "Sales",
        "legible": 1,
        "language": "english"
      },
      "ignore": 0,
      "id": 177,
      "image_id": 14,
      "area": 4365,
      "iscrowd": 0,
      "category_id": 1
    },
    {
      "bbox": [
        373,
        103,
        246,
        55
      ],
      "segmentation": [
        [
          373,
          103,
          618,
          103,
          618,
          157,
          373,
          157
        ]
      ],
      "text": {
        "transcription": "Notifications",
        "legible": 1,
        "language": "english"
      },
      "ignore": 0,
      "id": 178,
      "image_id": 14,
      "area": 13530,
      "iscrowd": 0,
      "category_id": 1
    },
    {
      "bbox": [
        133,
        156,
        84,
        46
      ],
      "segmentation": [
        [
          133,
          156,
          216,
          156,
          216,
          201,
          133,
          201
        ]
      ],
      "text": {
        "transcription": "June",
        "legible": 1,
        "language": "english"
      },
      "ignore": 0,
      "id": 179,
      "image_id": 14,
      "area": 3864,
      "iscrowd": 0,
      "category_id": 1
    },
    {
      "bbox": [
        122,
        263,
        161,
        38
      ],
      "segmentation": [
        [
          122,
          263,
          282,
          263,
          282,
          300,
          122,
          300
        ]
      ],
      "text": {
        "transcription": "The door",
        "legible": 1,
        "language": "english"
      },
      "ignore": 0,
      "id": 180,
      "image_id": 14,
      "area": 6118,
      "iscrowd": 0,
      "category_id": 1
    },
    {
      "bbox": [
        353,
        258,
        183,
        40
      ],
      "segmentation": [
        [
          353,
          258,
          535,
          258,
          535,
          297,
          353,
          297
        ]
      ],
      "text": {
        "transcription": "normalize",
        "legible": 1,
        "language": "english"
      },
      "ignore": 0,
      "id": 181,
      "image_id": 14,
      "area": 7320,
      "iscrowd": 0,
      "category_id": 1
    },
    {
      "bbox": [
        245,
        427,
        217,
        38
      ],
      "segmentation": [
        [
          245,
          427,
          461,
          427,
          461,
          464,
          245,
          464
        ]
      ],
      "text": {
        "transcription": "nomination",
        "legible": 1,
        "language": "english"
      },
      "ignore": 0,
      "id": 182,
      "image_id": 14,
      "area": 8246,
      "iscrowd": 0,
      "category_id": 1
    },
    {
      "bbox": [
        122,
        528,
        206,
        49
      ],
      "segmentation": [
        [
          122,
          528,
          327,
          528,
          327,
          576,
          122,
          576
        ]
      ],
      "text": {
        "transcription": "foundation",
        "legible": 1,
        "language": "english"
      },
      "ignore": 0,
      "id": 183,
      "image_id": 14,
      "area": 10094,
      "iscrowd": 0,
      "category_id": 1
    },
    {
      "bbox": [
        453,
        592,
        219,
        49
      ],
      "segmentation": [
        [
          453,
          592,
          671,
          592,
          671,
          640,
          453,
          640
        ]
      ],
      "text": {
        "transcription": "notification",
        "legible": 1,
        "language": "english"
      },
      "ignore": 0,
      "id": 184,
      "image_id": 14,
      "area": 10731,
      "iscrowd": 0,
      "category_id": 1
    },
    {
      "bbox": [
        45,
        49,
        120,
        48
      ],
      "segmentation": [
        [
          45,
          49,
          164,
          49,
          164,
          96,
          45,
          96
        ]
      ],
      "text": {
        "transcription": "Land",
        "legible": 1,
        "language": "english"
      },
      "ignore": 0,
      "id": 185,
      "image_id": 15,
      "area": 5760,
      "iscrowd": 0,
      "category_id": 1
    },
    {
      "bbox": [
        446,
        45,
        101,
        46
      ],
      "segmentation": [
        [
          446,
          45,
          546,
          45,
          546,
          90,
          446,
          90
        ]
      ],
      "text": {
        "transcription": "Deal",
        "legible": 1,
        "language": "english"
      },
      "ignore": 0,
      "id": 186,
      "image_id": 15,
      "area": 4646,
      "iscrowd": 0,
      "category_id": 1
    },
    {
      "bbox": [
        253,
        137,
        146,
        42
      ],
      "segmentation": [
        [
          253,
          137,
          398,
          137,
          398,
          178,
          253,
          178
        ]
      ],
      "text": {
        "transcription": "annoy",
        "legible": 1,
        "language": "english"
      },
      "ignore": 0,
      "id": 187,
      "image_id": 15,
      "area": 6132,
      "iscrowd": 0,
      "category_id": 1
    },
    {
      "bbox": [
        83,
        233,
        142,
        50
      ],
      "segmentation": [
        [
          83,
          233,
          224,
          233,
          224,
          282,
          83,
          282
        ]
      ],
      "text": {
        "transcription": "Strong",
        "legible": 1,
        "language": "english"
      },
      "ignore": 0,
      "id": 188,
      "image_id": 15,
      "area": 7100,
      "iscrowd": 0,
      "category_id": 1
    },
    {
      "bbox": [
        403,
        247,
        252,
        57
      ],
      "segmentation": [
        [
          403,
          247,
          654,
          247,
          654,
          303,
          403,
          303
        ]
      ],
      "text": {
        "transcription": "gooddness",
        "legible": 1,
        "language": "english"
      },
      "ignore": 0,
      "id": 189,
      "image_id": 15,
      "area": 14364,
      "iscrowd": 0,
      "category_id": 1
    },
    {
      "bbox": [
        41,
        368,
        232,
        58
      ],
      "segmentation": [
        [
          41,
          368,
          272,
          368,
          272,
          425,
          41,
          425
        ]
      ],
      "text": {
        "transcription": "happiness",
        "legible": 1,
        "language": "english"
      },
      "ignore": 0,
      "id": 190,
      "image_id": 15,
      "area": 13456,
      "iscrowd": 0,
      "category_id": 1
    },
    {
      "bbox": [
        267,
        493,
        231,
        48
      ],
      "segmentation": [
        [
          267,
          493,
          497,
          493,
          497,
          540,
          267,
          540
        ]
      ],
      "text": {
        "transcription": "Worthless",
        "legible": 1,
        "language": "english"
      },
      "ignore": 0,
      "id": 191,
      "image_id": 15,
      "area": 11088,
      "iscrowd": 0,
      "category_id": 1
    },
    {
      "bbox": [
        27,
        584,
        105,
        27
      ],
      "segmentation": [
        [
          27,
          584,
          131,
          584,
          131,
          610,
          27,
          610
        ]
      ],
      "text": {
        "transcription": "Number",
        "legible": 1,
        "language": "english"
      },
      "ignore": 0,
      "id": 192,
      "image_id": 15,
      "area": 2835,
      "iscrowd": 0,
      "category_id": 1
    },
    {
      "bbox": [
        349,
        616,
        57,
        26
      ],
      "segmentation": [
        [
          349,
          616,
          405,
          616,
          405,
          641,
          349,
          641
        ]
      ],
      "text": {
        "transcription": "take",
        "legible": 1,
        "language": "english"
      },
      "ignore": 0,
      "id": 193,
      "image_id": 15,
      "area": 1482,
      "iscrowd": 0,
      "category_id": 1
    },
    {
      "bbox": [
        410,
        617,
        37,
        26
      ],
      "segmentation": [
        [
          410,
          617,
          446,
          617,
          446,
          642,
          410,
          642
        ]
      ],
      "text": {
        "transcription": "for",
        "legible": 1,
        "language": "english"
      },
      "ignore": 0,
      "id": 194,
      "image_id": 15,
      "area": 962,
      "iscrowd": 0,
      "category_id": 1
    },
    {
      "bbox": [
        450,
        620,
        101,
        30
      ],
      "segmentation": [
        [
          450,
          620,
          550,
          620,
          550,
          649,
          450,
          649
        ]
      ],
      "text": {
        "transcription": "granted",
        "legible": 1,
        "language": "english"
      },
      "ignore": 0,
      "id": 195,
      "image_id": 15,
      "area": 3030,
      "iscrowd": 0,
      "category_id": 1
    }
  ]
}
